FAMD1,FAMD2,FAMD3,FAMD4,FAMD5,FAMD6,FAMD7,FAMD8,FAMD9,FAMD10,FAMD11,FAMD12,FAMD13,FAMD14,FAMD15,FAMD16,FAMD17,FAMD18,FAMD19,FAMD20,satisfied
1.4995914546610962,-1.0202008984006001,-9.574294096587685,-0.2322489153479057,-5.55886062274496,-0.7563736581007428,-3.6627102564431078,-3.007619395471578,-7.372002283653108,-1.4191794308524965,3.1636392269429985,-0.3367987791062902,-1.740183377994375,-3.778766098312997,0.06122956597113185,-0.4463931970181456,-4.918486738214243,5.222813747811674,-3.1565278531890852,0.7567318344246522,1
2.573010844620214,-0.7185401088633254,1.2961321174822418,-5.6324101910630855,4.683637854769672,-3.7506942468078317,-5.137855081722934,1.6585448053559155,8.537318777039417,-5.610055707632704,4.118696196316148,-7.920438809191195,-0.8978079390737381,-2.1915696742639903,2.404102807256917,-0.35699758102199536,0.33086512719962763,-0.5559594350343525,-1.1364375046090542,-4.034109242428563,0
-5.043530033925095,7.206930748983471,-5.618187306698382,-3.447829543667128,-0.16344652559445416,-2.580545720123163,-3.17162327823259,3.409254480307037,-1.7278505174828238,1.0949194121829364,-6.550238408805463,-4.509607776609883,5.241958797684497,-4.249008651785864,-0.1785571491932505,-2.7947560338688753,-0.865272722429633,0.0787976841638304,-4.513364509175195,1.0604466728000315,0
7.090963557794334,0.07284951219459446,4.720719594323684,1.1929182798922167,-2.1420272622285306,-5.237733241997459,6.9016598451649,1.104136362885027,-0.6879445934853506,8.898860822656903,2.1497673944650293,-0.9059422868599661,-2.0607296262558576,-1.515999853106878,4.560253501402987,0.28453038102707995,2.6076003588556036,1.898520215970735,-0.7241292249432144,-0.07970702086709786,1
-5.285435889137028,4.019331628790663,7.15683667014733,2.5527751307258373,0.5819733699038984,0.43070676620297543,2.9146506716475287,1.4271854858337658,-5.796342291198945,1.4007128992742781,2.7014182624415333,5.202395303877134,5.317370758895189,0.040089181916693604,-2.0478194510275793,1.7471370828814838,-4.7215271722783525,6.439765443171231,1.5695382172718098,5.612454759468084,1
-5.173366249049538,3.7048705189916777,-3.99239227947164,-6.4384318881362805,-5.095379733940935,5.081069228430116,-2.609901230684202,1.5980151675939644,5.775855771490656,2.125018773105107,4.154485921582663,-2.6991561713201264,0.39349218738667335,5.170690445275022,-5.307900483408362,-3.5726825983902386,1.9518185376972117,-5.179834945197316,2.575397236372657,-5.430981869744503,1
-6.175896798373683,0.7775160015110953,-8.82210202872753,-3.2935890961346175,-5.53737051483186,4.296155034135056,0.21412458388586053,-4.676874981140825,-5.852828891612309,0.7534318655031633,2.381519295642195,1.7863244633344342,-3.180465613516905,-4.148285768102515,-5.347689338485447,-3.5262153673155137,-1.961663589231912,-1.960873736825739,-0.8849926384409457,-4.834180375346477,0
0.21391581249392794,6.812418494473279,2.031990814843082,2.488930805221675,0.37229526401664287,-2.0216057710221174,-0.6268195474756486,4.775855584335264,-4.891649848711815,-9.89632949507759,-3.487181668840303,5.781212769131653,-5.55923501606618,-3.7790047011430827,-3.566750670094687,4.397084102445857,-4.2926969536003,-1.7575538606782914,-2.3467295325848507,0.8679739881217354,0
1.0744490538353064,-0.11422301934091131,-4.280931367980494,-0.8464407388753128,-6.532888795724511,-3.310323051453749,-1.0504540669101357,4.91342866910651,2.003058711534244,-2.736514334147886,6.890101278574716,4.673848089206044,7.835218036636388,2.1047343437393042,1.4672301613097196,-1.0766671511922112,-2.3238706225390167,5.257482477183739,-0.10644816629322162,1.043456414119326,1
1.8049177305085844,5.723285159551226,-4.551271058967914,-5.989204843941384,-3.134365145368305,-5.688787383407535,-3.1846173438217917,7.79223556851642,1.5860824854853603,-3.938192257200509,4.356830747816305,0.6637424421494496,2.5852410447285163,0.4153079453292883,5.577071352034005,0.15554096786954513,1.4854721737759427,-3.8249514665728293,3.5141872114919277,2.0394350720065946,0
-6.254950439261936,-5.768921416059754,-1.7690276667639773,5.93606562992049,8.391045586946412,-1.024159170520353,5.136768588264247,0.9290366708961972,2.266297381242803,-0.7802430541242447,-3.101634196643693,2.1660578590293866,6.593875816187293,-0.6780847140941599,1.9887366722392905,-3.111373993136705,1.7212186457400305,-0.9053727982584262,3.239764039946853,-0.953965195378304,1
7.620003812130479,8.405004787467968,8.301074082074436,-2.9052857036184063,2.4078475547655906,1.219790289213258,-3.432953985485067,-0.5507960039253847,-5.842966119231646,-1.0672639750505195,0.7196348625059481,-6.0717048002202265,0.8416473485619609,0.8648876297871478,1.134177618177633,-0.8814265965432324,-1.7866811195440913,-1.5505241037080482,2.672997562986487,2.5184897412862868,1
-6.409136349274256,5.0313748176141,-0.8459304009017946,0.46356129961197945,-0.10188768034887563,-5.819673983043553,3.735454865630454,2.6595950586554187,3.145817216313078,-8.697410662817171,5.649776890564482,-0.7242981266167342,-3.922525143125003,-4.540093803759157,1.1015173641049687,0.2556918646263421,4.951810583352622,-1.0369235474617786,-6.413851642325498,3.165024883573224,0
1.6583714703,-0.2514520893297464,-5.3579147248001355,-4.93407564988901,-6.575101428290052,5.661697606590501,0.05980825075616547,5.266006099231314,6.7913398180954205,1.309224629549953,6.545334714219823,-3.229101822198107,0.7144970276661191,-3.625287443389927,2.537293540036152,-0.34970214074642275,-2.1062320267459906,-2.6646723213697423,4.726338615963945,-4.71356029662157,1
0.005610811755967227,-3.916970813646393,3.5416114877385745,-4.0613021058797765,-2.4926623659896734,8.045133233785261,-0.5570435308570806,2.9401293705647547,-3.673674925500994,0.567375593498149,1.8496545825313508,4.654723243931421,-5.449794274260809,-4.541063848861441,9.014826660369605,-0.30942678836692034,-2.585405482561812,0.7876297979581802,0.05349778624387422,4.898484726207517,1
-6.3125160459019884,-5.205586871606114,-0.7147201339725884,-7.191996361218017,4.560349829527798,2.718366521012487,3.2077951201733423,-1.312000681766921,1.4854823586448211,3.8055265708531394,0.7709790359833271,5.278078374664938,-5.565819696221375,-4.893800151372224,2.141185139618587,-4.124234065813883,0.7814453329609832,-1.7616505642839917,4.553578921684405,-0.5190657988677688,1
8.225367896668812,-0.7061352227766973,-0.7123353340720846,8.880942294920581,3.433730765144554,1.9760615719287462,3.309231892949085,0.9210924927112292,2.6598714801808185,-1.1391133108305824,0.3072321396681704,8.560748895554664,2.3960759520259445,-0.866301045500246,2.6837210822993494,0.8686042786721532,5.739390747392092,-2.2040648430399314,5.006733114874275,1.1469636622499741,0
-6.937453790587365,-0.44313636372170373,0.7538380708410933,0.3969032673440731,-3.2943650819988726,7.746186970952129,3.507307300488146,3.8971728909746766,-8.020007725663628,-3.9728951712412055,-3.187036272892842,-3.836025307567144,-1.3411462679685529,-3.041269774485957,-7.426662556874775,-1.6478684468189153,1.6941109277809288,-1.4188503349645565,-1.8219663222112352,4.113819021900681,1
9.40628453103611,2.236337178541558,-1.2669259652184266,-0.015637165998825378,1.1626756446964084,1.5950725503271723,-1.9664812772226459,4.615482055959264,-0.9740461436119141,3.2030450551138077,-1.427195880110954,1.9413508331587261,-1.9326582316819483,-2.5402800549156117,-4.8221709507571315,0.5936234366849767,5.021435108429493,6.707455570111623,2.4048110670116265,1.2880954235781146,1
-6.3216990073363455,-2.8193231465284843,-1.3385102011305388,2.2147393445244377,-4.15974481514838,-7.3953266030437765,0.8702648338084688,-1.9214368976824117,-7.500583782004988,2.32665107643029,1.2021215158639909,4.016773471854918,-7.675959779122536,-0.9257174349253869,-2.616602109081451,0.9256967109076717,3.493332651450952,-1.188836711318415,-1.0586603443464888,-2.446769362362146,1
-4.332482008611085,3.47429493345198,-0.9721802498677192,3.7248326611523765,0.7532350848727957,-0.14132124736293503,6.5603224202763215,-3.6575165851238474,-1.6509721855152568,1.0603374824825746,3.7697964814378,-4.654773290651318,-2.5517909532449816,-5.972279840166053,-3.6731359281560882,5.691339250202196,0.9468804123545275,5.419638634298878,0.6399820586835949,-4.180857520525503,1
1.978557764198773,-0.3428716317995402,-7.618297561608188,-3.402802760580296,-3.2632828129270974,0.46150457148035506,-7.069086539635784,0.21994507195976307,-4.488799632391284,4.81446004161263,1.7409505747618899,0.4844543850861775,0.30888848859499135,-3.2465998170834314,3.3239540438347355,-0.8545781315277026,-4.188858410824385,4.778754646209323,-0.758699417655437,-1.0092558128102387,1
0.6695478057324957,-3.1572409784167217,-2.92954129788403,-4.968318504829046,-7.744057136437842,4.030898091804244,1.841067227152226,-1.2858155096044044,-0.1036318500403906,-3.2724136816637985,-5.2918610982515135,2.2563589720126522,8.853181661228067,5.791288891255904,1.8787056438051981,0.9524256793686909,1.045446898811233,-2.2535102768124164,1.3362577174542407,-3.313172774585792,1
-5.748097953222177,-7.1915592144175005,3.615773061071675,-0.9898784411146156,0.7237561977953313,-8.150719372155795,-3.3478360204759134,-6.483376220406119,-0.9057035579623323,3.6011035673508793,-0.7152458482655014,5.749980762863251,-0.3732260926093839,3.320599582962079,-3.6532488593820434,-3.6576227204698326,0.018864149102589406,-0.5448128904329309,-0.8498292739621367,-2.9369241782253237,1
2.1546296883437748,-10.08017354062514,2.55141314482396,0.1680510639156334,-1.5407552919435321,-5.745463634113133,-3.0794049423800334,-1.3629826280118307,-0.19823745941976031,0.377738568836963,-5.191671556784254,-5.205407289306727,6.301368832476475,2.1076434009105633,-5.112334146052912,0.3243372435662486,-2.08802212888041,-3.183789177838206,2.697391614102089,2.2957758424604675,0
1.6745827112047749,-3.737416254662321,6.1618838067046156,1.5165446935426636,-4.98837940730418,-0.02482155752845072,-5.975454256936688,5.166717967815401,-4.45806234084144,2.752150676047834,-6.4510455251876255,-8.013251816694654,-0.751813481840835,3.5717627453254304,0.20143963726788694,2.079767360285075,-0.7255151024909512,-1.4219132643776389,4.622724825738449,-6.102404949706493,0
-5.078855472600042,-3.8934085971254273,-4.029480663114849,3.979095257362829,10.23357627817073,1.6027394739899945,1.5313446816603062,3.2792379070696223,2.3339798398707803,3.641291523204832,-3.574979430361094,-5.54912528532407,1.5613500994061906,-2.5833643778092994,0.5461652498448759,-2.6721471923781914,0.3955907073032544,-1.5259907884678343,3.803990851207806,3.375221448864644,1
-6.762641427023029,-2.561135458464931,1.9519744869903848,-3.637042904284235,-2.528318460469858,4.085520091562872,3.433240786450632,-1.5657160495580786,-0.10699524032965979,-2.194378746519712,-5.444011723953116,3.0316913660313176,5.845134525647224,5.103330261794013,-3.2908128623693065,1.1390561904906937,4.965921742852194,-1.26481234701035,-1.2198159272339162,1.0105780105346955,0
0.88088865708988,-7.333884576287247,4.477109047159655,3.41950892755484,-6.251978119685878,-4.6283231513362075,1.3474825984947492,-1.393627341953691,2.6670591613689187,-0.3528075432639364,-5.736379318616934,-1.4478647825784612,3.828898155177738,2.069552717051634,4.779618222708233,4.119619559256785,1.8056883739441703,0.4849839137108105,-0.9179880025762904,-4.03995170825765,0
-3.995170271947981,4.520533184778781,-4.706296649599208,7.859917849775994,2.2801559394724826,2.1962112536308354,2.6005793330410945,-4.49757356947859,1.9928300275639477,6.011278663446094,4.131240185877893,-0.22597769964180683,8.588361558786415,-2.6774466882861803,0.7477323503229862,1.5495867145158415,-2.6793244930254487,-0.8870905096291182,0.941630961719433,-3.858082535565461,1
1.2462487988422488,5.963137477399741,1.9182593313953933,-1.5455643267315926,3.0478148554559152,-1.9963275078392022,-2.256937635037735,0.10873364750019904,7.3276180016995,-3.4669494677368946,-6.381396856736012,3.516329929350725,-5.083609333761966,-1.2943130581536595,3.1312542328898987,7.572413426346669,-0.12210773992327074,0.5607761531318165,-3.19282990466598,-4.6383151451539195,0
-6.30784455005641,6.9527638449774365,7.726795708083641,-1.1844369914595392,1.1556999815803475,-0.9048024095080764,-3.1859330944236257,4.412188085493433,5.363579775820417,-5.50145414546313,2.504664959405212,-1.8306252463031618,-3.841486096514113,1.1842502625446572,5.236155411120473,-3.7526257783214314,1.57779451598902,-1.8740256877143255,-0.43125441965469047,-0.7304762315110196,1
9.400495539875374,1.1668313258714966,-3.028385070554841,6.911951727253387,5.307046251421403,4.589317478578504,-0.3426892501754546,3.248381402024187,2.811350082419258,3.36007882828094,-0.08527370755519104,0.884171229582601,-2.5341926027524577,-2.7873202210243915,1.1781296834476276,0.8397932508952435,6.109959145178505,0.6106420294110857,0.7194756687597461,1.1194632097488058,1
1.92427401532724,-3.1523277728061814,-5.725614003804428,3.072611458419162,3.9256221860748144,2.8587207134217163,-2.5476396824282315,6.656894587066406,-4.373009641270546,2.1377813245476958,-2.269097162496344,-4.984205029666381,4.272160687496174,1.2995939773091982,2.44166071274966,5.051833681841895,2.460460361513952,-0.414066970832691,-3.062014075497017,-1.0679620248731396,1
-5.334371559956761,4.325742521981799,5.7270387939813645,-4.199105204152798,0.4754381213382378,6.223399303394167,5.29970189989986,4.407514367380734,-5.568323484899446,4.497910188569512,1.8286619382412101,3.0589416459162524,-0.9524848475264006,0.9390890446755242,-1.6585476102060779,2.1717234692590406,-5.617089144186383,-0.24473476431437108,1.4682916992788448,-2.101118450032386,1
0.77268153647186,-8.415037293569597,-2.5968985847930597,-7.555527227576331,0.09174495265582716,1.3477855240298497,1.6140123478239485,-5.645825799143766,-4.808931452787181,-6.147360571627738,1.6137221060898734,2.660983211657533,-6.185699228657491,3.382774408963118,-1.4241982228227594,0.3361458844024338,-1.69554956932418,-1.694699335337598,1.2078658132615634,-2.444341304188025,1
-3.0172995245579446,4.946269170636903,3.6281520733405612,-4.664818209842437,9.093763393226393,-3.266837285601444,0.08997020425131397,-5.310476919466693,4.709045181276204,1.3259366664507533,-0.6426872086963523,-6.964147693296768,-0.4119605285182613,-3.356526151998029,-0.6266419947353479,1.657429370136087,-3.641873768190716,-2.394719031410769,2.6578433594221496,0.30744185087515047,0
0.30695775636836575,-4.673364082529352,3.249095593829976,4.64776929559565,-7.17227344294013,-4.053349915147203,2.6148323111574747,6.83022595168913,-9.70752804625639,-3.4661799595662774,-4.111376515486008,-2.4018713244978334,-2.67119791176996,0.7899895173291158,0.35967942672095077,1.530733406064881,-1.6227604809621448,-2.251183447167039,-0.5117515024544325,1.2424640009574777,1
-3.97837746402735,11.303216494227577,-2.5270853821597052,-4.876564601463899,1.3406823481938779,-5.2985650679129215,2.1016135155503157,0.7091498988980974,-2.3189499672377494,3.386789700374759,-0.2696389019347293,1.4995946306690335,3.206126140249557,-0.9563518211028408,2.2499429823339634,0.9732228142558388,0.24505361978012685,-0.5667538973193412,-1.9746164231242043,-1.550757874776849,0
-3.865936422719436,1.282775693991474,2.9909546897617427,4.989952582671337,-3.172832746829453,-4.102894350363216,4.194807025751798,-7.327131783023358,0.8228875292953787,3.9259348977864046,1.3337258196190833,-7.471808641275549,-5.107352545384138,-0.399248614060265,-4.828463596248998,5.5969033385252285,-2.7157815835329604,-1.1859698890538974,-3.7005076926632046,3.7845078046073506,1
0.6669193572602061,-5.249502515793562,3.1716907025736782,7.520835125618083,-7.037652308601281,-1.0087175594393254,1.4497438102120586,3.9818129517940184,-5.2693889863202585,-2.0663445475102584,-3.363456095974229,-8.32057147342426,-3.2706890047650137,-6.072114905834981,0.5868073929924356,0.057373975309553196,-2.6516714063328983,-0.5014176580589337,-2.1385336576784013,-7.8943143815443015,1
-4.710637080557934,2.814290669728878,3.773151485850293,-5.028768484795301,0.7562942860574505,5.03732289519991,7.137422183904282,-3.5367170401574444,3.7332187157490857,4.380977153393962,0.3346398349495903,0.06389085907487912,-2.741404563061434,2.885109344167811,1.7645764748864543,6.6036747485819305,1.2303523861319225,1.7101932204237362,2.8502477474373173,-1.7854175049034373,1
1.395449660490158,1.1136640562532278,-4.627504115146068,-1.65055930203701,-4.861765748136896,-1.6618601193982543,0.5940027003597669,6.784368759234095,6.2630032613759505,0.3080147469841739,5.665439756708314,0.29380660862699143,0.2992448091677088,-0.2172497454764522,7.804237495175614,-1.4812225943217316,-2.43897435018914,2.0888543635355217,2.1320113167416497,0.28577344347880995,0
0.9600659276266112,-1.5760247416107531,-3.154300266791939,-0.2064793113503861,-3.762869531141138,-3.618751504497994,2.3958047672569434,6.2449549778789395,-2.1634081975373753,-7.2337382112173,7.739358954152159,0.36060244775229267,-2.449876882796672,2.1708493516012215,-0.7464082423690037,4.836988597028816,1.761078956499726,4.467448384956936,1.9568549595676392,1.6655583199200126,1
-4.677462595365943,4.20842541310766,2.6292205721126267,10.154632690107913,4.100750532664927,5.482281020405567,2.5230001293111055,-4.798214851654221,-2.789211551621061,-1.0652444092482802,3.4638464845929353,-6.561919848832733,-3.429100570612308,2.331126502797936,-0.8936224141285571,1.8495165556117992,-6.887146628361684,-2.740220353412138,-1.6508586136314547,-3.3313811994889697,1
-7.2248773743849,-2.5017982092569238,-2.6381508020304034,-1.8584338639051308,-2.320980158281869,3.5987900105998967,5.871005040172736,-4.157019339546861,-2.8211586129239543,-1.878956076602476,2.3769699633735843,4.845771389135598,-7.832506594078542,-5.16156731389113,1.020357752937926,-0.007950781570611493,2.1824135628946912,-3.3298591253772956,-1.7069730017093578,-4.4279891343321856,1
1.201211659382126,-9.195479374977637,-1.7437101027748403,0.4395817864325626,-1.868470796968723,-9.159274806081136,5.094249263096176,3.9292542431091166,-5.599180264343098,-2.295460239235329,-4.174630214525981,-2.872296769310936,-1.6787818736217823,0.5071888194947808,-2.6875209363952104,0.26285471701840646,-3.8502959061046846,-1.0327244183590172,-1.2304227490928317,1.7177455336523981,1
-4.971083227922103,4.994116109329171,-5.935373609157628,-1.7620771109895172,-2.8534230730594348,-0.9107977396370872,-3.4893499279271127,5.958102229477971,3.2669597542222393,4.0125571059721645,5.535664457082646,-1.8958945353299608,1.9416668442896665,0.10962565940371793,-3.838396127550383,-3.381608910732931,-0.19754443804048943,5.401022226283228,-4.8599255051705565,1.1133810176014787,0
-5.500165331553425,-0.5920377266894816,-3.748997849139818,4.174063416846731,-7.849253888778469,-3.8953009829418646,-2.49025358467096,-9.723931882765967,0.17394170878461213,3.206643401193001,-0.4559530291582335,-3.3889367388662475,-7.415276502603582,-1.766705390394237,-0.9017626377764616,-3.9163724311744703,1.43922827692644,-5.144581900796833,0.6060996861665296,0.5111130896064734,1
-4.628498828474066,6.618839559742213,-5.285787809814394,0.7062072961475871,-2.777747154884654,-3.5147832814483726,7.463631635884877,-1.948477750009994,-5.135712521137052,1.004542817246612,2.272102846197426,1.5023989130041566,-0.00918265407637759,1.4642515560634402,-2.689703169929036,1.0683720425624923,-5.251979910421478,3.8706212114136402,5.060229330099817,-3.6148599440042255,0
-6.631698703456875,-0.9779456464624781,4.682225304306392,4.641820605086649,-0.4443123190160083,4.0480540415599595,-4.804950891129268,-2.578839485298576,-2.8617333239288367,1.040533284065488,2.4740237879844176,3.186697336378711,0.6068239766931283,-8.755032310345973,0.9783705313398061,-4.5824693994355705,-0.061214706462506985,3.8064537725381222,1.022761355341646,-5.1063486827753435,1
1.7891083442804439,4.467820320725027,-5.9362635092288185,2.159727652304433,-1.8245194666990416,1.9875466539136797,-2.0359287398183867,2.259623572622395,6.601968503401816,4.091176477111498,-3.555631215569894,2.0826924342572717,-1.983527189297703,-6.168696248763175,-1.2235028443631653,1.6613675840077842,-7.180228660946836,1.5128902992643014,4.413139426475245,5.695013484098003,0
1.3864507388373752,-5.78309700299168,-1.3045146295246166,-9.465669616329462,1.2275067067806464,0.703390973201949,2.507016895765006,8.516984753050465,2.497715900896353,-1.8257883839893574,6.490295902800263,1.8975100742554025,-0.5056457689492803,2.084932336888533,-1.421418928981009,0.2527635480212128,-3.030932077321069,-3.2908142671994547,3.196536065971047,-3.7739281906682547,0
7.421292084503637,8.280547105448907,6.494374097047924,-2.4003850729124774,2.8682169937662207,0.5335152820948759,-1.6911629658228553,3.463230526884069,-7.8865772144602255,0.656394063723476,2.2851876247255904,-4.168447134927535,2.045704463996338,-4.428372529696221,1.095560197360539,-2.188606283665748,-0.6161602806202491,-2.696636103404502,-0.6830878279128441,4.6298572072286435,1
-5.496782809069161,-7.591431487194027,2.331081417490344,3.8091658180644496,0.6369398919166827,-5.640772048619496,1.9632768813950903,-0.3572960629681786,3.142572130178813,4.231293415066197,-4.621333013035157,-3.5380686531742835,4.887811517306794,-6.920961903828037,-5.053550460490133,-3.127313990649297,1.0559872408214468,-0.3808786925079588,-5.105276091724434,-3.560699563735594,1
-4.717071900747773,2.818479391996628,3.6348909967118157,-5.071645377774504,0.8497804263708648,5.037091688798151,6.995919643189405,-3.5138518947349935,3.913266839370449,4.6509003655983125,0.4336039495767744,0.05962730557298179,-2.524461629218318,2.807546784097156,1.7735463215796088,5.48184541475157,0.2847675441509473,-1.1120374909633157,-3.8826249128656882,0.032957133732983444,0
-5.871395231508829,-1.3287782598204139,0.6209506067795874,-3.483461287899482,-0.7792518624296749,7.714678191141239,2.005759594453439,-0.9668359867744276,4.135697085179028,2.0646285221054232,-5.9297242956385725,-6.008535131524844,-0.8312544070477556,-0.490302152414301,-0.8427156993949488,2.065901899775641,4.964041481754001,0.9194856693007084,2.490028320874857,-0.712462872790184,1
6.6591011368046225,1.633475163967574,1.5993451641932435,-6.985464318021981,-0.171606287073938,3.7247506796880936,7.746805148329937,2.332920053456317,-4.612736443765343,4.900833358086505,3.265324661302942,2.393700375275766,0.8758392426350275,1.5240915285030265,0.41035106697945645,2.4819968445524685,1.8421811591213315,-0.2474671147911236,0.7634579305183508,-1.6467373932723404,1
-7.006402612163782,-2.3422478270121347,-0.7961504642489627,-2.501756998286566,-2.6906151983514914,4.332144712276565,4.021306935122091,-8.061031907935762,-0.684057476619108,-3.4152727109038987,0.7881172931854681,2.969277480115788,-8.875463513573592,0.20066729931098337,1.1991422629116872,0.81005871204099,4.45673403899183,-0.8661086291385218,1.302965247529027,-3.412638964049431,1
1.3843969542850691,-10.009849750356262,0.9800338690912036,-5.2812357983675975,0.7362056370394894,5.125119623368816,-2.7369852745347747,-8.579756239516426,2.8188979212342797,-2.0869820035107702,2.0864033966600437,0.9491557171953933,1.2480690697592878,-3.895922037807945,0.19918117125037227,-0.4740966348696988,-1.0083093199051658,-1.6808911686434742,2.6095006686257416,2.8655633960128446,0
0.7390995319975677,-4.6976921817643476,1.2781198594314482,8.555387290613233,1.9466749496752032,6.210083781617456,-6.381935885427223,-0.9697844254828403,-4.623309533853816,-0.9118494529230501,4.70472721573711,2.127957024880822,2.470944898653919,-5.473179324845237,6.753887656905903,0.11507995980970681,-2.0365148539885696,-3.569688131163973,0.8773853569506074,-0.7147270404221672,1
9.06603772692942,0.5207362709291936,8.50873205285257,5.455088148346019,-3.5444947973919345,1.6278761165579212,-3.859726959808766,1.6382795491402298,2.9258750270164606,4.324172627020553,-4.010384001453879,-2.2006047092508494,-7.137346085924932,-0.7295775990248523,-1.3209275722645883,-4.052480125330063,2.154069408075362,1.1284560962948222,0.8561724541306415,-0.07585077954016653,1
-6.397967225511712,1.2380956095035627,-2.9084463443738677,-4.636336803517949,-4.168214707805193,5.396682543433428,4.696322831384051,-0.7921320190413806,5.256381782519351,2.457569635954148,-7.38875263398649,-1.1389423533660903,0.424173138545864,3.246052537187801,4.141121392787827,-4.247299566211915,-0.19447415142530194,-1.1895636285328195,-1.4148571475588518,-3.2024675690387396,1
2.6402139342964612,-8.565967892371456,0.681283941603419,-3.947641833853206,0.7257246854773642,-5.3259290909836245,-8.120606483693582,-2.8698083559660024,-1.9873023444127156,5.71955561721445,-0.22855757493060724,-3.117611829065784,-4.3872190369685,1.4052799339895257,-1.3125116692063927,0.6246561590378399,-4.931492561256434,0.40664565854325474,-1.987607235019949,-1.8716734838950704,0
0.7741576338139449,-0.3366433187960643,-0.4240568202910229,8.57765253212002,3.7365073281912564,2.3423475715828967,-0.45570821485683266,-2.5350970678867153,7.131693616041619,-2.3517916388777653,-2.556860823080181,7.716908432854092,0.9844271076272046,3.7072439988690657,1.0088290489527183,7.398034018499861,1.331552901104423,-2.1432485103925174,-3.841444372480341,-2.6605127067966214,1
1.8661713794295836,-8.758559646559888,-1.5380872049300294,4.985391647331329,6.440343493921736,1.9832209265985083,-1.275325728034688,-2.7374065662251925,3.5878475489033903,-3.097313953987182,-3.0047739736174446,-5.392979975305822,7.519919832594306,1.5310645814522268,2.3302075493477017,0.42206859485819964,-0.9765078391718128,-2.02116092653483,-0.13327511221085903,-1.1612219810073947,0
-3.600072918176747,2.830592422379139,2.201590323211337,4.205951138532356,-5.986920468166081,-3.7017125598116927,0.7225341858075465,-8.5082113036078,4.959682183529418,8.12946346944871,0.2873409068848114,-3.0967140764013594,4.892380694708526,-0.26977111531106057,-2.336920779105374,1.496414395190922,-5.656818534022562,-3.1494756032695648,-0.4729639422520384,1.2052547719739806,1
9.014021249906731,3.683132417123709,-4.857309981442355,4.394887836418947,-4.963882251018833,1.7986536967831146,1.3479295182663522,-5.375974252023189,3.6554261329022673,-3.3652959803387605,-2.322401769357175,-1.7950413369672074,-4.653831940518618,-0.821263010183512,-2.821325552215285,-5.688623784423751,0.8685497017511614,4.42166516173059,7.032013380011483,-0.32225453447640084,0
-5.056439289123672,3.103737153051877,1.9730940286565164,-7.538624759636583,6.490383669600539,-6.989362807897239,-2.853808481533836,3.2922073595227856,5.26996698501808,-4.39980670037882,2.387419168553926,-0.9014122964182945,-1.26924245354396,4.640571411370517,-1.6089388768192823,-2.252210747706567,2.4394316309788544,-0.8069021145847082,0.5579706733497626,-1.6856984683909504,1
9.243655867146359,-1.8964258475258233,-3.373714597187718,1.2019361863607916,3.3684667637939514,-1.7827634740645477,2.3672470995473804,0.7692424702365721,-2.6369214703403445,-3.682033451225912,-0.20503768570514355,0.607125174647797,-4.022907776238754,-3.6033817157461208,-10.41249075460309,-4.4869114518111415,0.41400381128576724,3.677576867362469,0.508040272749246,-1.0466135739380746,1
1.713376707632398,-2.7588332274248932,-1.3320696493140436,1.0567909763278043,4.517678848230831,-1.4514236353260999,-2.563962553509277,1.0686955607055155,2.6395077746074236,-0.7165495379715618,-1.7786139656811595,5.768458514688502,3.6485693049528205,-4.864756979114314,-10.942187234208816,3.390450895550245,-6.2676268081851125,5.989098334245477,-3.0870114703668423,-3.1802439057547245,0
-7.309364025445822,0.42264349328234274,4.118085784181068,5.147214589480175,-1.9773120863112996,2.129355499591487,4.310391742808514,-0.27679868147676356,-2.1814533260595024,-6.4319946198432945,-5.642512338672955,-3.55886499553477,-4.411512292871028,2.094006883851057,1.8708034678108152,-3.382777000352798,-4.955151525961804,6.662112277557221,-0.9509950576214536,0.541403574417288,0
-5.131456467971306,1.0589818142569702,5.13993198043302,-2.4041199823506894,-0.8649012534225827,4.496950514036033,7.2969846238556855,-6.896349470689977,4.047479591153354,1.4281774992429657,1.5329562826991823,3.2158590095728723,3.4091236059625722,1.6987831840581407,-0.2524186413269195,6.289997248522251,0.601686594717611,-1.3384128400427713,0.02756748669514167,1.4517835798529277,0
-4.68149482426098,-1.547126104426158,-4.517459322389359,1.4175162999741695,9.312255583151735,-0.8125125660570311,-2.5995077534703634,6.764358312652068,2.7478596082030746,2.5587028323138825,7.379933534906845,-2.632166141938935,0.8009775029441262,2.318728251506144,-5.450376565959925,-3.3374970571903466,2.4966311539757022,-1.4712600518136294,-3.1411480709623403,-2.626899416160743,1
2.4893496000085613,-6.185748787116008,-1.4702313609299584,-5.89429324124773,4.283037225385156,-0.621537194233674,-7.744464875863675,-3.10493107120118,-2.088800422598478,1.2847815488598968,0.6808245734784699,-2.059992663146981,-2.7468213080495,1.1950147890300553,0.06945276345971083,0.2482015132665833,-2.3328587519635344,5.2390110862419315,2.0370496884828104,-0.1999003196003633,1
2.0970628772741615,-8.486548922959747,-3.0463740604142546,1.7686002097224984,6.899109207501014,0.7284790379185877,-7.891708547063249,-6.247615140171666,-2.442615340893518,-1.188038011589385,3.325755171661782,1.1805581696497165,4.418492121045841,3.1630858187100657,-0.22327545914447777,0.6839621775690486,-2.4987981412694267,-0.20730483707883965,-2.7726110786987843,-0.8025910781630414,1
0.8525757625326562,1.3853922269389178,-4.70905320128205,6.406333779797802,-7.8140786057196046,-5.932637715899693,4.2031183760812185,0.45252310395855366,3.6978400655256096,0.9278350490360018,-3.8723046086755164,4.780999579623471,-6.7980039560496115,-3.325802532882456,-2.0820569754193334,2.509946438301695,-3.7298255876839694,-2.6939717972459105,-0.6990627035360046,0.30282106012481474,1
0.774348457503282,2.609656316102147,-6.364715220253243,-0.07769205360667497,-4.482205076651017,-4.595263188530961,4.382579764600051,0.8770754038589527,-1.6870965404315714,-8.80835548808158,-4.959411215736833,-3.172859757262486,1.4985889823681806,-5.240364167611197,7.998968117888799,0.15413760293109205,-1.68358324619148,-1.0521695976582155,-0.9261346214420507,4.67428612595148,0
-6.340610331732647,-0.6784723910219315,5.955337478867584,2.2894984204040956,-2.9236379395141747,-2.970299236594788,0.19142391100847195,9.008521698560614,-5.483725625000997,5.2770752252727675,-6.545205905137621,-0.35436152215989314,-1.5043931352948579,1.4712575296663166,0.07757627540771117,-1.6415736124932243,3.2596279352453705,-2.5173131853784607,3.6615031296445046,6.589725628259504,1
-6.088413181091863,-2.6547407557240392,0.3869761017822031,1.5466601319604658,-4.472316025986311,-6.679179489193939,-1.0934473759209136,-5.827151941502604,-5.193627637924804,0.9612100529640957,-0.2858668600909685,2.2326840143810713,-8.559897695118703,4.395049912991405,-2.548437493561954,1.575403924971633,4.864285028093947,-0.6546378222640441,-1.2183783062268745,4.931961523971083,1
0.8479134162485114,-2.7989696679447844,5.886709031655291,-2.5201977641902555,-5.764976065953661,8.042241112095985,-4.942304734534794,3.109918075636118,0.9907901082747801,-5.755385225222104,6.832506644521742,-1.0561427286868856,4.404520303811048,3.1732285094251456,-4.001848874909722,1.1525060350439866,-3.687000881378986,-1.7635462610686226,-3.7937035443654104,1.9193648400684635,1
-4.705994517888178,6.367442340723981,4.431864846703533,-0.03725102373353484,2.9660003876571714,-4.449147809172519,4.831175401678233,-3.2083591244199,0.990032526091193,-1.3803177559985444,1.4460470186252472,3.14178780377199,5.314447933421245,-6.235806541040137,3.119753697643025,5.527371933770698,0.4217926843670805,-3.3348947005901985,2.0196880221869655,3.10943699578022,1
-5.667418041848238,1.9297251004037619,-1.7637902668140724,1.5154731915796444,-6.786771552634654,-6.631302418436872,1.627875369471753,5.514512312116383,7.300691543749998,6.5355637050215485,3.8108572026173118,0.38906751260491523,-2.4995672438714394,-0.0305975197306166,2.476737869156486,-4.1666424587335475,0.10365388704788678,-2.8073565986247746,-3.9193102193425533,0.10359501757336104,1
7.001521856636822,2.1940414268764674,0.2996609771292278,3.406147650787658,-8.12973301420331,-6.000234762311474,8.011186480523353,-7.014357821763887,-0.25963947836478307,2.5606132049151213,1.1591926917181303,-3.3074378067030965,-3.2580694923041933,3.888607772056824,2.8277395675067276,-2.700644316974236,-2.7471241286707833,0.10947620709374517,-0.9345529619901735,1.8579681463583868,1
-4.9443830891121054,6.985979478094512,-5.799969999759323,-4.919323581964429,0.351329572697182,-2.6599500518084938,-7.815040689932748,-1.4932548563540224,-3.507425670682963,2.9611441016648623,-0.5933731008797575,0.8000035386952837,0.07205406703212647,-6.0444622197601605,1.471847604330835,-3.0183488366196687,4.386695708462358,-2.2254046142255666,3.2224809910961225,1.91543848170536,1
-3.8402961849929844,10.001165899875463,7.392917769450503,-2.33191392360609,3.892829143935234,0.7334111509015284,-4.395862173717084,-0.8440665780570822,-3.7494210494873914,0.5281306989471004,-0.4536401102431553,-5.338383163474552,0.2723010909667848,0.32089104081453756,-1.794989687372379,1.8901688517882969,-2.8542100713737875,-0.023573601877525902,-2.575505208104971,-1.5305034192885394,0
-5.476930531127645,-5.705493839462745,3.5892184268409486,-0.38692007396401285,1.8727647107911842,-6.398978660226289,2.937674449183482,0.31965948331960115,5.108147792296208,4.70311595003486,-8.047220110910565,-3.9168081340066188,-3.0091578005603954,2.8752917056959415,0.8924073682921755,-2.62839274965373,1.267975742758898,-2.47774024683294,-2.570434625029772,2.550388980029449,1
1.635232673252637,2.978040596597863,-0.9636714561871971,-4.922804647945972,7.948067267979954,-5.904651552898407,-1.5724546405889361,5.134578268478561,2.1628017025957273,-2.5812635206440766,-4.92823503944927,6.229806475065621,-2.3181766801157813,-3.439932267048314,-3.2517537559513143,2.912993268391943,-3.423872919092025,-0.7855741404212453,-4.689198826382679,-4.962125175806542,1
9.039571284784477,1.149946480528366,-4.404559746835879,7.049547130761827,-8.313208484963994,-3.629861316399749,2.907591525083887,-1.3140751945744447,1.5631550461683001,2.154062254214434,-1.6603566298050945,-0.9134540809239087,-5.317845424516467,-5.931260085210819,-4.301341137045372,-5.180998628503113,0.26719976940749746,-2.8727081412851825,-0.029768035092947898,-0.8893969900496219,1
2.2608730219616096,-10.326903588917295,2.3565711345166562,-1.2038258765650762,-1.115629174684475,-5.860686705956436,-7.65014695306872,-6.359293227568455,-2.0140879743073374,2.0682231679462677,0.791678365573282,0.07314349064179093,1.1812540814187653,0.282500404538424,-3.4043928810846236,0.339906980011704,0.26441966516057974,-3.4418226014413476,5.467406482986314,0.5557495490109414,1
1.3260250497983792,-9.27933109993311,-1.4373093373804524,-5.3593139302245465,0.7164146745041788,3.52331835917951,1.6463130152575172,2.093531916366076,-1.8884700514408714,-2.261693529811666,-2.4307585766795623,-1.2301962284927752,8.88317018955915,-3.823030862738781,-5.43935078860728,0.757145296743383,1.1168384213900153,0.6010832149150716,-3.2837118811743298,-2.8161624373934027,0
-6.190550531691382,2.8216627652802346,1.3909850846692462,3.7663132574084597,-2.446041929403093,1.1893916129300828,-1.3354970589856878,6.287956324149858,-3.6623103118814835,-5.073476691344428,7.330926586722541,-3.2311370084665354,-3.474444140804238,-1.24233187097341,-7.428704094023079,-2.362435424908117,-1.1669878247654166,3.486556692097291,2.6569020614485144,-0.47100622123625824,0
-5.147385772865664,-1.7581280604606455,0.12226694482989253,1.0851503551819646,-2.1562418865939876,-3.9586435087967686,-1.287169369487559,5.300688992252386,-2.573069957726096,8.018674598779775,-5.589319775432261,-4.90814422983965,0.41806129674070547,-1.6381355831824864,-4.553093244509993,2.0007195236377284,6.046478514274172,0.07551493986475583,-2.7013022043324755,2.2795600504915092,0
9.530240404224871,3.758531414182948,-7.492739513697678,6.700305720958113,1.945570365705415,4.269077925503286,-0.767695267703963,2.164109741624059,4.02207742525154,4.797783371777031,-0.7174789121876676,1.1411727564786958,-0.3060920904360327,-2.2861665529098083,2.346778996284037,-4.859978011760434,2.133352250584246,-3.224752048554236,-0.9471899051534349,5.6197239924170646,0
1.7176115188886918,3.4472805145749073,-3.785131466638051,2.1668492773934482,-3.70853325225453,1.1181902372619872,-5.73594429042656,-3.3377361868727977,4.718261932195674,-0.16173521991150003,-3.887687025820247,4.609216658844198,4.62409675205139,1.4853473638427714,-7.343644019788784,2.452497339200572,-3.254014964833308,5.398006263360524,-1.0509247163142657,2.306354126479117,0
-6.063409173999693,1.2000820397754521,5.292943252669635,2.737151269195994,0.4097857126712868,5.419920147016538,-2.3637520951397257,1.8724223875323118,0.9280293412792896,0.8937845542843604,-6.343489067238032,-7.192580494746079,-1.4140790337091416,-0.42061060477662654,1.5108793942135368,-2.5700403033965915,-0.5422177662719667,3.910922702836951,2.3824969072945574,2.4335690940921477,0
-7.230991570875635,-0.6591649314181245,7.567924640351968,4.635955532866263,-1.388560194211211,2.817043564645606,1.2037629649994057,-0.43479026483544714,0.875195492673088,-3.4638055604804787,-5.897236336559961,0.5160352842620122,3.667211434312713,1.5693734324781135,3.056995069414072,-3.4398166084662614,-1.057193956520187,5.389857247281153,4.656590873482149,-3.730914901194001,1
1.097961775700337,-2.8627269812293736,1.0553171201723968,-5.399736186598009,4.020681834457527,4.169391688411189,3.0000126125618474,-0.10161019980836308,9.394211697659443,-0.1848733766635415,-5.120045470511368,5.097215269447131,-6.249528193235505,1.0694031287619392,-2.388876525579896,3.5525212975152654,-3.333616219118218,-1.8101274198613684,1.6262738391366276,-0.13642104591873916,0
1.8419541112053142,-0.6438647989920399,-3.1850271488882624,-1.6651394552369163,-8.528078909910986,-7.386074139980873,-1.676092673608293,8.624749969052619,1.8697696656478227,4.3305490969719855,4.601895794850413,0.4894495599058907,-0.1761368618668373,3.6768651718190766,2.550895026606341,-0.35527684823922046,-2.386665853226936,-4.59664347438647,4.804488812324477,1.019623607211865,0
0.07103718799666103,-6.848725129058172,0.10899205642694812,-3.335014135202287,-3.62415494083606,4.4541038808368345,1.602945608924988,-3.0891552588184323,-0.9112561851078068,-1.3053635618893555,3.1863380722657504,7.831975034882205,1.4034085336476467,-5.658869455069862,5.915379403370247,4.303792535360164,1.5373630216408214,0.3583660597248498,-0.7543585625027257,-3.6327066094185554,1
0.8412606165281319,-4.743731692769494,7.515660889720738,1.5677022060020123,-4.849178934987699,-1.2501687919009485,-5.213875497303698,-0.614962239472274,-2.032492323229792,2.994736138437916,-0.8861086471486294,0.6576716432875869,-7.981494526902651,1.2634217639196477,9.313034457369277,0.5143292262779188,-6.005981931626403,-3.115360209763256,4.585201283356027,4.151154032851736,0
-6.532698184449281,-1.3877797378222583,1.5622599118072134,-4.29677225924812,-0.9266627121701059,5.6777176747712375,5.257617011787308,0.1496536250163345,3.9621211573073905,0.7219590533031222,-6.6990301824113345,-1.3866492313193401,-1.8844586344625283,2.708328291810047,2.7815520630518167,1.283438416752529,7.491636693679789,-2.3644342345800244,1.9151160771835496,-0.6251372166762583,1
0.9260807027928816,-5.051792368043222,-5.041560213258093,-4.121495880659312,-3.995054637650039,4.8430878016215955,-0.5860350161690671,-2.277696196451076,-8.146476601153545,-2.943505947192203,4.026624588702079,0.42467910521160185,-4.334580229548104,-4.655929728449383,-2.6602690070442168,4.63167048394609,1.4043979527116623,-0.9071918200490049,-0.19640159139516913,-1.4327827161161748,1
9.883051159944094,4.47716037330974,-6.852845730002825,4.119103596886421,1.6826656983619148,3.9000144914033905,-4.700170575584842,-0.1574098190397325,1.9259773645608682,3.596954361548727,-2.1743982440642275,0.5045172849388384,0.4366655267042835,6.58518584960983,-1.6621379464291737,-3.5795864674088365,1.6341175824598906,0.7489187341515318,-5.414198036171199,1.9708581520632908,0
0.8387216745761761,3.125991287400273,-3.2928400262155786,-3.4810082398887006,-3.9452678500172054,5.947822037998955,1.841814853877767,-0.7823414765251187,9.19807571088422,1.654971724991377,-5.571062421343414,5.846495765952985,-4.184803417423131,2.018970935817642,0.9652517572636773,2.2868133504041745,-5.286523377100362,-1.384863277135445,-2.6015421754450103,3.4144899268414743,1
-6.89316916346777,3.8839220115326127,5.950967136047279,0.7145990967492981,0.7859515721506043,-1.8458391859778687,-0.977069972829929,4.747762736137804,-5.66964579382576,-6.031470341135428,-5.636049103362318,2.8939699088948982,7.1091172190356495,-3.040887775749379,0.9002034073300123,-1.9978417031127975,0.847695052355436,-2.757899694822964,2.1754960622289956,3.6022900460188496,0
1.9904845853424744,-1.0423285839198324,-7.410286352992726,4.321421672326187,0.10677812591803537,4.260259708516211,-2.638381891925059,-0.08677448918322483,3.129699192467399,1.867526358463461,-4.513116615733412,-7.826951804958733,3.7499357716068005,3.6064231684701338,7.6054491078344775,0.5001889795947939,-1.30253996800666,0.9422698106962422,-3.9914623449263957,-3.393580823727935,0
1.399156980762441,-2.0333278880043095,-6.0066926954235464,-4.326581455422888,-5.560981406670065,6.981298588547761,2.136053752070754,3.3808940107735426,2.089505227414705,2.6777781033680363,-4.268844211112014,-4.923883460374432,3.269998512409633,-5.06006676861487,4.379151307926238,0.4345996746953565,1.3408816194013953,-1.23419410189615,1.3843147581138364,0.9765691421345565,1
1.866675482785008,0.005519304261447949,-4.882739765969663,-0.08506416492692068,-6.4978680883475946,-1.2132268029042883,-4.220455204539293,3.821431816626748,2.0655661306151867,-1.8878618051411258,7.4422815659949215,0.1311947121749379,8.470291774612654,-0.9295764190688459,-1.9845618101998277,0.768918788597656,-0.523799335891004,2.785266441908695,7.253339281738258,3.2678627093374906,1
0.8513968902830327,-0.12813140152432823,-0.661828648221812,-1.8361197698187683,-0.9186633244493458,-3.7198430695692815,-1.758824774444435,-6.979896624482858,-2.3298143416153287,-9.570569843349308,0.3435469331404324,-0.07973233485094516,-6.397877123605182,-2.413697334811274,8.48736614828834,3.9822445944124816,1.4800504853282086,2.21758903135716,-0.8538906036771942,1.0274285285725386,0
-5.849813160191394,5.691887307362095,3.5713265966556715,-1.107439421839814,2.608078972519516,0.7229963476553878,-4.4226767541321905,6.95222245448558,-5.789767564315491,-1.576578669800614,-6.075288125504329,-4.964758664471933,2.0358534994879243,-5.089161644434735,-0.6970488242671184,-2.231718673360251,3.0621173886145527,-2.1710413266143775,2.6273249202429763,1.347285802863732,1
7.884617865906602,3.8538002253832326,4.328355900559798,-8.029072383351966,7.6022041175365835,-5.889654888310108,2.2409675732703525,-2.2194544740589652,-1.880381034681644,-1.1511575615959837,-0.1457592344421934,-1.9319559457998223,0.8940908160142641,3.888854203088402,1.9779281791749324,-1.5621614301503197,0.7371262188779174,-2.174174171606151,3.560369203088767,-0.1593256507856301,1
6.5063975713736255,1.309724666211529,-2.1142836966508973,7.253725660621775,3.49689247771411,0.24213527236354804,10.279519326783394,-1.8834099611825,-4.404985435521565,-1.0062989068533343,5.5660538415099685,-0.7747473360462498,-1.8394551157764472,0.9126239752794068,4.759712971657933,2.6996392223720838,3.0035623731885326,1.5085865537544854,4.809941909696529,-3.648736542756718,0
1.2894283315551054,1.9957366458246188,-3.705919590539731,-1.8876705657235047,-5.557835002718994,6.370635011974881,-3.0458788372382197,-3.7754988453951963,5.1142039334791445,-0.3971720141366061,-3.6238604447009872,5.726592752825365,4.246009597010579,1.2125027348160549,-8.988417251788245,2.686785653353792,-4.316498189044764,-4.707041372175085,-3.1598015448974643,0.0444589531809087,0
1.6354871228805683,-4.217626917606026,-1.3644877776130542,-7.951787353017562,-2.0136581158062934,6.767657368484457,-5.939593056500787,-2.9572427306163327,-2.956473785078817,1.8888714662008912,1.157832209128491,-0.5475277666101332,-3.0967436399002786,1.2819066991317107,0.6573928643127095,5.16503069016259,2.5666930124830856,0.7930497632942812,0.2294068800526976,0.7901223306006288,1
-6.472922731677164,1.9901577472075909,-4.901849358915635,2.669480365147738,-4.688203857245542,-1.1058567773666246,5.528250428489585,-3.688600455577624,1.8444312908829712,-3.7115143499654986,-6.293717642455382,-3.1043735165844826,-1.414933442212619,2.9389200760277707,2.4615727541955916,-3.1736812165569255,-0.476408028855975,5.440527391132525,0.7985749490929942,4.399575293871413,0
-4.158052474206474,6.094334186981675,-5.250722487103985,3.473863526581658,-2.6522256503910815,-0.4181515200145496,6.200197563616185,-4.711351504764731,-0.5562722049933528,2.2799661029125082,2.9801401946645867,-4.343482882310169,-0.5655346335462343,-5.3288107978040316,-2.356811562737266,-0.1642926237160112,-7.910024034397207,2.807033335058201,7.133110192173241,0.019941438377846264,0
-5.165405557245208,4.319022743282697,-1.58879315349572,-4.539600432344771,3.6893941603260467,-2.4212403761573196,-7.336244080350553,-0.5767103417382646,-4.701437599486066,1.5985020919624602,0.2245043105728396,0.4773976958775131,-1.9184149518700924,-6.736404769335612,0.10724706821852659,0.9446200421447069,8.168621173209337,2.6385580985978474,-0.44264188507746527,0.031227665216258534,0
7.814844993967398,2.7000352623088366,4.166975600809787,3.9563442313743886,-2.3132551772084993,1.9920370060849586,1.1989934844566938,0.926742179477333,-4.681222848404058,-7.289930320808517,-2.402074702354885,3.6924797144152213,-6.92312590153093,5.150119195932293,-3.604654086233206,-4.391663460857073,-0.2941847286849294,6.083732201321313,3.7783737836490245,-2.5935758396902653,0
1.595417591616909,-0.0431093499397609,-10.456865958077927,7.380378573196061,-2.75868037042254,1.0431659514570597,0.4281798636341809,2.5953907446499525,2.867324303327785,-4.05421979612432,9.181349147803822,-5.1583492947215905,0.09758301731826913,-0.8960371249488237,2.5652531099755196,-0.04340679665787128,-2.7485506723324256,-2.1940541270521363,-7.008664287256985,0.7679702239404828,0
-6.887464218716691,0.0005014535504863638,4.8917672842831506,-5.451998338957601,-1.0689166940038728,7.439600376173666,-3.0923188631400884,-0.8297266105604233,-4.848499924241869,1.295314978392836,-0.5877214565683112,5.074411779535959,-5.992151945795269,4.212059298821741,1.1329150628314704,-3.1056673329745057,-0.6055460491771473,-3.278391224796486,1.0316671752298405,2.1135792123591046,0
1.9716485475142278,-2.2295327425702,0.3900776645722349,-9.144139413122982,5.964111786565642,-5.630631231765584,-6.372076624310977,-2.493576984768521,-2.500195635967014,-3.9190316035213857,-1.3632774458222072,1.599134693483596,-2.8580622010325865,1.4350486564152787,5.569579021754667,0.6732769804623323,-0.32986530269938646,-1.7302161380053636,1.8245261724161874,-1.9108793147777043,0
1.849834235002528,-0.012144605949620996,-4.9825987101467,-0.056353385332821845,-6.482696549374223,-1.2325360063086124,-4.251823267874762,3.7880050003372787,2.1346866171587897,-1.796138978690161,7.526640084300149,0.10937201620686766,8.599923573708713,-0.9917347973509251,-2.021225771279907,-0.7572368740066889,-2.8214184029228155,2.3582392406830173,3.950199232864107,0.5521339592096409,1
-6.8204789475904235,-0.796661557594049,3.4669321986074157,6.136564465427028,3.4376908259244856,3.6008990757480737,-5.938767388030957,-3.391324194942193,-5.714726606312213,-0.9168784018020831,1.5830693742278201,7.168156593043926,1.2428060939249421,6.53258924692585,2.7041352700250854,-3.201493582959552,-0.08858824830909921,-2.900839313353634,-4.934663096329013,-0.31076039961782687,0
0.6666102344548807,3.0265459509820896,0.4121485483231988,6.543005096952384,5.1767208465255115,4.173487732285079,-2.583421433622065,9.03948773433423,-2.4452303853711883,0.8180420211627417,-2.4592100775771204,7.592692112354047,-3.547672113601183,3.0908573938322172,0.02215146028859072,4.201211998864717,-5.4189515511234525,-1.7825257294803933,0.63508903730158,3.276953151771424,1
9.53952017015774,-2.83075308620907,1.7582406303426077,0.0670144068715601,3.627547928118803,-0.3975786540964253,-2.6841405692312037,-3.3203342952295283,2.7182791667597277,-2.0990736286933407,-1.9447768668060288,2.8232907638745095,3.1973206819134528,1.1590592021210868,-9.113928645485379,-4.130281704719281,1.0186922889700314,3.0770040559656544,0.3588512289296873,3.4617369301380383,1
-6.160135482157923,2.0501581484023212,3.301408282129337,-3.5240364458130835,-1.8983236198816877,7.656155500525269,-2.1582613351515114,9.143740759072626,-0.22606796620304598,1.1781353185973382,6.29105912779913,-1.2612292561381866,-1.4978909928280233,-0.973842158055801,-5.895048452582812,-2.867834689125038,2.052725748173873,-2.594068447395365,-0.25566114550838964,-0.040041583029085025,1
0.789293897594306,-3.770476671881728,6.162791840012476,4.298815794957314,-3.089597558413371,5.126017735162611,-3.3442530695287633,-0.1688764210594602,0.034690868727904965,-4.578758569040785,-4.258928575309952,-5.106348742501972,5.536163657827041,-1.5271078361457049,3.3562046359551063,-0.05151382080457237,-4.457138275195405,3.2946016687507456,2.3701526910374286,1.8834971036393813,0
7.652641785342367,3.237000665792915,5.082370521610553,-6.018873254840662,7.6159559033439095,-4.88023280992813,4.161468851489155,-3.920884635279374,2.631113740562873,-1.0218195919340582,0.0028124968601240807,-3.1557683071024147,-0.3662947892578308,0.1404294456432147,5.77269880221233,-3.179965067867295,-1.168477153242275,-1.2052142650415758,-1.5526634352647215,1.2878378969465374,0
1.0715476392641092,-0.7462258202279137,-5.438104370108458,-0.8133872939084366,-3.972656322675392,-0.4224715801591137,2.824968723537343,4.6440881949899735,1.4718131966284473,1.4588197844036537,-5.017533103702717,-1.3997889747442045,2.905585358837432,-1.758291231947131,9.358822080706794,-0.7668068004863665,-3.0494373993178785,5.257303121768198,-3.340414508129755,0.6112054426338247,1
0.9687827172560826,-4.527641931136502,3.0423632182434375,7.871714952824524,1.6310157957227862,6.9374610686672575,-8.341563612908143,-4.8584808018341645,-2.3498530001164823,-2.2706491724180276,3.146221456701804,0.2571159810612133,1.5033142858828275,-0.1595640151449731,6.900265907724432,0.1611775538583884,-1.181827305572944,-2.4700691827115895,2.4421193466614746,-0.3312962706657606,0
-5.319033247938451,3.5699844200110986,9.897879976269806,3.8971804344375176,0.21514607896339777,2.1891409288535266,3.079022181485457,-4.138340314864745,0.6800826754193051,-0.087335041054365,1.1313700709058603,2.0477943777755536,2.7058054873999997,1.754487626074972,2.032682068525924,1.2966014445354328,-5.757049360124963,5.003500291521999,2.3986969491158634,2.2332444614721294,1
-6.159983186517386,2.0656869727934146,3.238879239236926,-3.5929753033465355,-1.8204672375387725,7.6685303230203115,-2.2840621438177497,9.218428597246664,-0.10379108834332945,1.4333666555453173,6.33243703142864,-1.277453265768562,-1.3870618692929226,-1.0309624090538083,-5.939719770995836,-2.2348232340949954,1.5584915997869055,2.446744414912497,-5.082077106338592,-3.4229703145916135,0
-5.051363856873431,-1.5414374720799902,4.087257920022941,2.3983874973344554,-5.144559620819029,-5.059333354705361,-5.061996768203519,0.0034120371060835097,4.578314628825684,2.113638561294173,4.742600054019743,-1.8851543345254118,2.789149091900703,4.0055734204737545,-8.193548654535697,2.443948134446414,4.718732686197409,-1.6929076467704454,3.6052739382855683,3.7470321556533874,0
-3.8823290889309896,1.2874380391898628,0.8997245443756485,-4.342623225684098,7.47311273552436,-4.1043551466028685,5.176187910526206,1.9276785395517124,-1.9236907841626756,5.398395601273643,1.4480209231990187,1.6674757425881892,0.24340719779165804,1.0572019519313083,-2.9062173137683045,1.3790017932845275,-5.527448812125928,2.7162846915019374,7.443398454241953,-2.440717544599504,1
8.684127897593374,0.24554870241144278,-1.4039655302733869,-1.481552506135498,-3.3492015359317815,6.331863762341597,2.2895613894219426,-3.0305155361028504,-1.2788845759996739,-4.776614093163108,-1.3019556361382147,0.3333356466628948,-5.401591381468651,1.8843922278296275,-9.662171800802748,1.3672598046370594,6.840812503449121,-0.040314373298890704,2.1196925170819925,3.1380810903978142,1
6.385485878269756,-3.0384343774976723,0.5962986338029086,-3.8922439686121044,2.0210569859961804,1.4483581413682831,14.0179729960761,-3.049615716343461,-1.858039142189856,-2.0831027990837674,4.39190444192327,-0.15444369395760582,-2.8456520587934557,-3.059906039176326,-1.022161237670151,-3.6547871288120537,-1.1480923411429425,-3.68090612368102,0.3316740928780165,5.125513237115035,1
-6.046040125484917,1.8352420245336738,-9.041405440125716,4.249858021832048,0.07781300455306317,-0.33527990207747227,-1.5833365196915397,-6.736450498184071,-4.739999405367,-1.3099593450050477,1.245080316535579,3.57561571138711,-3.7273088321882026,7.9508588611272835,2.039165273077223,-3.903886789747795,2.1645569580072417,-2.6178896267277314,2.306334834486855,0.34724049532322554,0
8.914314179488784,1.7456855068896866,-2.4419416169497308,-2.16081576536778,-6.170106195005211,6.672407970044897,-1.2327563032017699,-4.336093722989631,3.0015951430912935,-0.47445214613243364,-2.1144668502823847,4.737314187451647,4.911885701686922,1.8476875865995543,-7.369419714389382,-4.158520900694919,1.844260119815075,-2.875653486025378,-3.973831617947997,3.213833311831074,1
-0.03694785718955618,-3.4639520039752787,7.76928572394266,-1.3336495731011622,-5.953004137587696,7.04776541521986,0.34233400212095866,2.5863052356265923,5.132905302644097,-7.131737622333482,6.079633014167849,2.2875515590157933,1.861991221370192,2.808891808027542,3.6117526029269316,-0.1573300460768553,-2.5938455539074052,-2.6661846576481785,-1.1616504947748625,-0.8692228053606659,0
7.3087924917024,-3.4786680861116874,2.1082259948000814,-5.549703060877901,2.7872003405585546,3.0956092720111466,5.6558751368779365,-2.7201912893892457,-2.967474943745046,2.307420429202655,4.9593290890410255,0.5639210708994508,7.760847433915785,-3.2453140954738213,-7.572546525761441,-3.0895548241160906,-0.7345663329772647,-0.652741027149973,0.11624400935601678,0.22302760395007096,0
-6.801489990291297,1.0340527344059471,-7.4296459097083005,-2.8328233306102533,-6.165850249890255,2.451793516468058,7.992970980998339,1.5539922613411914,-4.192706606432074,-2.531170141848549,-4.494552230564553,1.2158158551249656,0.7488548651262384,1.016621663824945,-3.2156994127962584,-2.7268114808103885,2.1157601993902397,-2.772456620678601,1.149758855677424,2.2423826656610837,0
-6.256089306700775,-1.282345623621166,1.8641039434378386,-1.3921875642938817,5.9812845972180355,-5.962511783114447,3.647158815097627,0.0420649402021836,2.6808535555741413,-5.073172094968776,-5.634912056387004,1.1368148159441538,6.6289676661640815,-6.9984000674954565,1.778596757173662,-3.3375137436153386,3.040775610285737,1.5016925317473644,-2.6011021763953215,-2.6948953581393886,1
-5.753679465675398,6.821933170640797,-5.167392424042189,-5.523008238931831,0.1783212766402129,-4.798490312417414,-4.452552792264729,-0.5696633852569883,-3.7382464783206713,1.727650796641164,-1.115002481128277,5.340237039883331,-0.6477899934719993,-2.981238114761309,4.931802854177362,-4.523316564991122,0.6360912997746202,-1.996805892000849,-2.162547884834731,-1.6575257992336971,1
2.1380700114292703,-3.0033478278491073,-3.8328779858359585,2.492848229912375,3.5025127505383997,3.571361282024746,-4.305839000876082,2.702117389883208,-2.346117332548072,0.42653636362603314,-3.9177643902327057,-6.850550367566138,3.057758053903937,6.712566836894271,2.5751824764193714,6.146557987042997,5.446278246696831,1.992309389097413,1.5940605244451096,0.5770316332563047,1
-3.8706676086991942,7.4933276214977775,-1.5317189708232837,-3.212824623952095,-0.7659725623739561,-1.5380174753223201,2.0319146489728137,-2.5089251128582495,0.11623519186151608,5.8766602198110185,-0.6828127967557017,0.5478776651519428,1.192495623572303,7.438782587736796,0.7663839795896674,1.4222871787853832,-3.408212446646856,2.642466527323569,7.210288931170539,0.9703002411281674,0
-3.979473073608731,3.3395001779239117,0.08934756683119441,-5.596439268302754,1.2784911141442534,5.318925020689337,3.644597252027258,0.8993782187750272,-2.4624163289793133,7.2029232021782725,2.704341398893226,-1.3437904829852356,0.9754445111813974,-2.057292500727139,-6.014143100775549,7.034026465467836,2.348442655978128,-1.1453077605822883,-1.4093733558954638,1.4568358854069436,0
-5.922481045323887,3.120007179368851,-5.5017260178465595,-1.812093237837328,-2.146141280120469,-1.6383974162932224,2.103161672223646,5.075434687560289,-1.9206999112723417,3.5980735964922603,-6.168138514607762,0.9144654269073169,3.0595341792228123,1.9291301125503457,1.6386085457190884,-3.649659512666032,2.55825492445355,2.677426526516625,6.221367289139656,1.690573241134468,1
-5.630739511193385,4.487616126934987,4.723966390208133,5.0829284972280036,-0.0567828644222923,0.793630988244603,8.16238577870574,-0.09490246857899588,-4.6899055657269315,-1.6838308130882804,2.867485217852308,-0.16886204684086203,-4.485144465759973,-2.9831556328336255,0.7274969722549585,1.3479279038633807,-5.874514240988228,5.376732461424022,3.8669149425249922,-6.216474607934011,0
-5.683705047598674,-2.4071771606930294,-1.0892247577908116,6.843041611744203,4.072725948741302,3.724448953926906,-5.355734645470411,-8.673573523418892,1.4957034740558477,1.3242401181897898,2.366256911322057,1.4963985108135471,1.373162091625939,0.06401453093248222,2.3070739999656156,1.348316285633365,8.032147483111157,-1.225943012919672,-1.462900375054502,0.4787508233973037,0
0.8609720105564928,2.3649177006740576,-7.79263827784346,1.1931871268129943,-5.873690229271496,6.061964012216039,3.996292294128506,-1.276753790072966,4.157982810582695,-2.1509716115609785,-1.9582178767746041,2.295229502133146,-4.5167103367098616,-7.055280378212622,-6.123751561409826,2.7683195107070704,-5.6149354425528735,-2.5493602360799468,2.9084855102813703,2.2785798717972736,1
0.6392989785564205,-3.8582947932944305,2.6168615478757817,-3.2421562159317983,-2.3371801916059667,10.089655891895397,-3.7890750277999117,1.8158732658158938,-3.553618047541277,1.9381997154670612,2.520251691476802,-0.045067361810564366,-4.564546527551073,-7.880185822206415,5.3418262565110535,-0.15697674067606554,-3.2834283630813146,-2.2370567285592857,-3.784310990822226,-1.4904527865754185,1
1.6920876595149137,-7.5035933364536405,3.363503554991815,2.825364167303448,-5.684859477339024,-2.6890474007237017,-6.519505251324038,-7.48131281762306,1.0927494627087764,2.635668281537273,1.05286749698666,-0.6803397307339244,-0.272828139004593,-2.8806449582322378,2.821297418331133,4.312230189701909,4.1518914863907455,-0.8252659112613099,3.8508436116772953,0.11194409435239794,1
-4.226919275278085,5.368344965640316,7.409560816712552,2.127069824763231,2.004334851345212,4.731682141209918,-0.43858395112164245,-1.9768947669460641,0.7523554263525469,4.320998229953059,0.8199365346916083,-5.708646621826152,-2.116946623152508,-0.25785557702773443,0.31497198052133357,0.8137222488280492,-4.867657843768848,5.125103085179252,-0.2298310131692063,2.836904105292353,0
1.4897902914987444,-1.0283378273397525,-1.8915547215486552,-2.5268498408834903,6.155021063636429,-2.9247789144372507,0.25803931306833605,5.725059315914142,2.4390665299450145,1.393823589118032,-3.661127555716378,7.167775964618725,-3.165177131248938,-0.43208298523075095,-5.1231454722939835,2.9234053267772313,-4.666258264864201,8.52103854905659,-2.5267266475832146,0.11310725585160597,0
7.228966977737025,1.4721355031131875,6.610909506131099,-3.335112471265708,5.893748070920053,-5.421053514998961,4.511527908163853,-7.325850910533298,2.730379043839794,-4.318505618570541,1.1101065625455961,0.03958296966272429,5.4445871764627265,-1.0014178878271793,3.7019467543102653,-1.9883538181240437,0.5082221555614842,-0.8397639383872717,-1.4248400594232553,0.7085965153236312,0
2.2062374096268784,-3.7903836813065674,1.1899979059939494,1.4217146717317,-5.107347771280846,-4.020471535497639,-2.515467609955958,6.814348369872818,5.336654363211866,4.047839304540546,6.150212538126541,-5.539367251801138,-2.690079777385803,-3.684156526040076,1.5161035037233448,3.796411791853564,4.230913834783495,-0.7404200618364001,1.9689144231797804,1.761734198294967,0
-4.22059467580972,9.681312133877546,0.6180895771938887,-2.850517205102969,-0.6449313081070449,-5.132753710066273,0.4619668998058577,-6.604457406174939,0.12077694032517436,-1.1273072536875095,-0.607863698212864,2.8197716123773198,8.282982468147727,3.1369379997176066,0.20320301390671652,1.5900448838098074,-1.3395883415689513,-1.5710668222897237,-4.176834690006862,3.4442580280653194,0
-4.024281400982945,8.775391942924884,2.0550970425523927,-4.826559705597855,4.769707907088558,-4.907387535625894,2.3749614394625254,1.9806586187193154,-3.404017451281051,2.047606117386879,0.2839678790433454,1.2205797235872142,1.0043764227010301,-1.417663374199703,1.337828667698623,6.981462004262188,2.8799087089447957,-2.07679680796393,2.464717398746234,-2.493315024724608,1
-5.326332683797172,7.435434151909021,9.084944172365502,2.1347194780948877,2.3235206517232365,-1.504009906177029,3.1107328741603006,-0.8292581348184676,-1.7105838133832372,-2.747278989400171,1.4230474223593428,3.1012464133497506,4.5621262174845505,-6.487506010461893,3.7634497549622674,0.8609694255822887,-4.464342194857011,-1.6078844104924985,1.1910422487989414,4.1387457887694845,0
2.1870364907139437,4.619474944251966,-9.55679931863989,5.021936831087596,2.474492583821397,2.9387695961824645,-4.501803010820988,4.330933930991372,1.7009384967818248,4.547592453050834,-2.271826813824181,3.4897691554140318,0.4144490277970124,0.7873471022826648,-3.1966848263067567,3.6166072613345444,-3.230507845289542,-4.83557023455411,5.59888901483758,3.0704509909582876,0
6.99298509798448,-3.184426861613107,1.192900436618657,4.672883097055374,8.636573521485264,-1.2091166028131428,7.929070696200478,-2.550122380144929,0.047414105541694174,1.4356187420932558,5.208176380240044,2.9058786341338303,6.407482997636001,-0.03357671604762835,3.724955380598332,-2.5144452172522507,0.6104903353671459,-1.3466605245405483,3.0732705215324763,4.583009530792187,0
1.2452623956916242,7.407313322634751,-1.7238571361037098,-1.0109119217250555,-2.1650133449993265,-3.880024133370541,-4.196078090142239,-2.7933492604160923,4.086452167159451,-5.80182166489424,-6.0633173107862515,8.291887607734859,4.188348529099505,1.7521117759220306,-1.653703545764671,4.1521345815246935,-3.6046096691636627,-5.873263421678381,4.834530577848569,-2.7736965534960243,1
-5.988022156839366,-6.367317598282761,1.7334518036885753,2.7515641901913357,-0.38768063662941366,-7.578144089787083,6.382770560182998,-2.850627828022347,2.106646195494613,-1.45859744278853,-6.797298372437442,-4.864657878284784,-5.339527045506147,2.259837444356979,-2.2447744163292858,-2.87178045809785,0.29617011712976443,-1.0260385548346111,2.3995299140734434,-1.478960614529427,1
-5.275676032185016,4.481030545322262,-5.93047158803875,0.7795222854692727,-5.51711618523339,-1.3768753143178676,-1.8171257126307472,-1.175315258991855,2.318932204360147,-3.8196016570246876,5.1305529468681925,-4.765189612828531,-1.6739384228266938,4.918343660161624,-6.831305550729789,-2.967529616288095,0.9230317963434944,2.8706537207170695,6.25557449068323,-2.8294736198060755,1
1.6729392999571653,2.7456952435147866,-2.0632839775650598,0.7649026458838137,-5.901794753413434,-5.107767876171566,-2.9786827856203293,1.2630239979224012,4.313700571340355,5.646264074898086,-6.681206059497727,5.048214778140546,-4.08995538830779,6.152787685133511,-2.8903629950773606,3.168399627434913,-5.384927170687847,-1.5075884257330223,-3.998375788645773,-2.420325651795756,0
0.13415727605680422,-2.854945558308135,-7.267843684396108,-1.7680296676837592,-8.051830929496669,3.647867167996967,8.901514233581372,1.0955308624650884,-1.040360785852739,-4.843052552536257,-3.4556240949158075,-1.2171865574374938,0.2894162853728785,-2.610464166351208,4.487796947755141,-0.450523454722857,-0.5848339670157044,-0.3179172497743019,-2.561553924094437,-3.732821034899784,1
8.779310963227227,2.2456211110836546,1.6628168777157473,9.060857025578546,4.682720147840721,7.54951008257137,-2.0652351353134835,5.672416900770321,0.07893400345091059,2.0561687862109306,-0.16180501396005786,0.7601916747903252,-3.3369855472259404,-3.0321224752571365,1.8685837675556454,-4.0946894548431,3.1976900032285704,-1.8588448483107765,-1.4662117057010489,2.81438841043602,1
8.770841887759238,2.86329842394753,6.231813147647249,3.527815536705589,0.10493562563505873,6.309257467689842,-3.439521914341882,1.444561852599961,2.6896936634687965,0.21010859755126143,-3.139268785677584,-1.2918220547919352,-5.4944781381895,-1.047528921032179,0.0012502886476150193,-4.3377293182956596,-0.2804866054269478,3.7122079985859324,1.373117616681437,-2.1757376112551063,1
-5.856342273646122,1.8511077547513852,1.979699785104751,-0.9273305073657878,0.026957782698704295,-0.9021574896665627,0.3190559964224249,2.548428095558286,8.451028004001596,-0.03136095095002961,3.9508909018152494,-0.8302643238081218,-3.6732109764938787,4.4001894758390865,2.7098130622443533,-0.5072892121586664,4.794056362209202,6.055962430642648,2.4801940479328053,0.7329305998532956,0
-6.50433059351229,-1.6575351800165237,0.9561804525087101,-5.749847286520719,-0.27866696029052207,5.529903768992167,0.3939892873750276,-4.762833903942473,2.516042363469932,3.1525569095675445,-0.3935253207586567,3.917784118369612,-6.3314227429951515,0.7746576952528126,4.424276048663514,-0.2651564769698008,2.8283521901671502,0.11765564840253503,-5.601269112560638,1.0181084830105622,1
1.477478845450418,-8.350277803528218,-3.6200124271527043,-6.765644123084963,0.25894508456302345,3.382433529065491,-1.7418581238327666,-6.786071737351195,-4.434754551919323,-4.768115305410921,2.510727424600421,-1.8514659130339661,-4.916016662051588,0.16011067966128692,-4.995072612582893,-0.049632128503291434,-4.441506169880068,-0.7226594321929354,-5.8015696101508185,2.0762598701622856,0
0.8838918908639308,5.32397665047482,7.285171159491113,4.194907191040486,0.7259465857344324,2.4449326298829845,-6.746697942060555,-2.117291442631295,4.732049201221349,-7.1007663852766445,-4.657030176886639,1.9999365243613267,0.7190755752375602,-5.900877333217777,-1.9530652925858076,3.4605834926057835,-6.018620247452759,-1.9485847801536615,1.626607889793576,-2.2277059072026395,0
-3.6907511072689476,-1.472022761090359,-0.4227368140516141,5.972558122481083,10.219045489042038,0.4034034177458421,3.706821536213743,-3.8913459244946074,2.328394145555399,4.076654008613724,4.682562915137051,-0.8676213992188466,6.660815569919582,-3.629227352120816,-2.6783169557010282,0.9200668066950494,-1.3304841396516358,-1.5505503044091513,2.1191381298499907,1.7299592166605116,1
1.4871027011159896,-3.805401644533897,-7.506655213123905,6.242903085587426,1.5668971457183845,1.6718391730334372,0.9209984991597611,3.4513161940776094,-7.375076733825098,-4.300750729067226,-1.0206587606482507,-5.866388230039083,1.9026076503170979,0.8161179930720304,-0.6422175807622451,5.84202089811464,2.7230605102316026,-3.8046652485149672,3.4010130165540655,1.3005981265666249,0
7.949728333466057,-4.4125731882903905,4.443515272129665,0.5742144192718118,0.8673288724927635,-6.857856560427048,2.8422770272035027,-2.198438317091959,-3.5458222792145104,6.310369711497328,3.6291257377867003,-1.5242773079016418,6.067008779140798,-2.6576534351861003,-7.249083439662623,-1.5319276739979544,1.4181877597769332,-2.1022424576539893,1.5631607327329993,-7.85295013981777,1
7.431480723393324,6.021981744087669,2.5161944354957297,0.12019369975476923,0.789497452672473,-1.9362958215507513,3.759026450499235,-7.881612754405632,-1.7350926527348,-5.760020302635166,2.1676945211703798,-8.19466205614408,-2.039216054364789,-3.132376312055338,1.1546697328987652,2.848853316356866,5.227508969985089,-1.5587074336009514,-1.3212144893887463,-0.6259418760091862,0
9.156744239114118,7.430705231032465,6.206680105053776,-0.6976642372252557,1.7663665100132335,2.236521528968238,-7.16351142111477,2.3400579807558026,-1.9719964450809566,-4.148818657069185,-4.307184818283773,-0.9003582805027245,-3.0551549317349425,-0.3769952378883812,-2.299560119702476,-2.601731182011422,3.1936584096355016,-0.8891804052613287,2.421734210547363,-2.904629035292152,1
1.6216733256212803,9.16219451490787,-3.4045273021024522,-3.734617382189433,-0.3384941788531508,-3.3620176026785704,-4.65039170441615,0.6507925654836401,4.131500061999601,-2.1796620201782178,-7.05878606628776,5.0783678377869315,-1.4242420762792893,2.8835069516965293,0.41163513553478615,3.6391003852578647,-4.621343487639367,0.16989070554878485,-3.7772937519345833,-6.69934878978521,1
0.9732276188400126,5.3841466921696,7.485389426928369,4.067493031040254,0.7348572999406852,2.5068573996596633,-6.7994439095586845,-1.9805874545380036,4.755704923945897,-7.185075400671339,-4.766230907153387,2.0755879778669155,0.6086529693081367,-5.760762223772188,-1.7637124488432574,3.68416179512569,-3.3094274311187,-1.4911472769840441,3.14999525300208,-0.33933731214290463,1
9.3509691110461,-2.407886048303693,-6.354150771024433,6.166218392601228,7.663610013619697,0.12919201777128864,1.8818351453279405,1.0425353514383984,-3.06416321342763,-3.0497640656588096,1.303144225514409,0.7218943869855122,-2.7720579716129268,-0.3483566400807441,-8.515603785199934,-4.399937620704608,-0.16664037189769387,1.1146675357190936,-5.862928381678367,1.549009444778688,0
-5.532183299800778,-3.657004870943538,-4.690999875778616,-0.16834444608480492,10.711457047387343,-1.6519758399001576,-2.0107633627732264,1.0424814478566344,-3.6991165004284854,4.655293438173756,2.000729338716568,5.584077538045802,-2.4182156684888563,2.2416794842178436,1.6866193432818446,-3.987777491821241,0.521791686321521,-1.5527658900367052,-3.980362258758044,2.100508993556141,1
8.90625080785375,6.802351451553237,7.013446579356365,1.3357924980751676,1.7493137891568697,3.2457845813524298,-5.161061712410712,0.6146385842670533,2.416766097737134,-4.089618817437387,-4.188731216025699,-2.130282543933394,-4.361901523458545,-4.065331353430153,1.6504017828444975,-3.5592138771249853,1.9548100461399793,0.002697421095763708,-2.72053395448753,-1.1553177156196062,0
0.7863931626480373,-6.63344381460821,6.250850757713431,5.743979171262991,-6.0488027535883315,-0.496069472763065,-6.179485800369292,-1.2654388551621998,-4.03031285581257,2.6118210268030104,2.559294924641825,1.034642137545822,-0.22799698412714442,-8.490346567022122,3.3218275442287197,0.15060022462373135,-5.442059478057827,-1.3222482388400902,-2.2161984188260977,-4.7202933327188665,1
-6.089994613555761,0.20172181897306748,-1.7137651734808044,-2.8888821930953577,1.7694827978474366,-1.51014339938501,-2.1808501820119597,1.0817529032752644,-4.731202265929568,4.427127697108775,0.7965498493851628,5.863312228385658,-3.6831477971037367,-0.65275365759036,1.9399857391496846,0.5466493585658492,2.77621063864507,6.797033689366932,2.424137082550653,-7.858404912399226,0
10.021645572553856,-1.036561087701627,0.4040906030724782,-2.655066287585279,5.300016572313736,0.1748757354641693,-2.991794796714345,0.13316288768112478,2.5664810702933565,0.9923168508387585,-3.1324514927584235,-0.3211666372443732,-2.832649169989123,2.4210340164426722,-6.926307735735184,-4.2286753242058674,-0.2698246730457642,3.1593169882622116,3.9989558236093137,-1.2101304472582248,0
-5.17952369587481,-3.8916987856105294,4.288502593558496,-1.083165088073939,0.9063392555019278,-7.688052264736908,0.7805074001792094,2.3026924968846263,9.874851687704803,3.4115413855350982,2.744315041634689,-2.2139399596168547,-5.474665614365817,4.292079776830504,-0.827091284232502,-3.310517751162111,4.029393189649039,-2.139527310697094,1.662822193182515,2.439851498428122,1
-6.351140183654017,5.761971473158529,6.182656871178702,-2.526600563752986,2.1483211509410634,-0.6261816825233408,-3.0667497736998195,4.13341902791835,-3.758303602599635,-4.225845741879665,-8.306466298413206,-2.244350346244014,0.12417878057596587,3.414234828294793,3.06916569203942,-2.8294277747854024,3.8947770595879594,0.21730271889788266,-0.01648591824402594,-3.3990064197226486,1
-3.8878808537080904,6.904957843113481,-4.648740561191184,1.9070480659260087,3.4644058394503503,0.2998169580496415,1.7028315439264023,-2.391593285482699,-0.4818139288097787,6.470744163405143,0.8734794089737926,0.5863758920835859,2.4384168127085983,10.545587882563176,2.3981365177629197,1.0537310360239074,-6.6954320367692635,-3.8965967666832895,-2.5231997263756325,-4.940914487429635,1
-6.057870967780562,-3.750833070617288,-2.131136120003828,-2.4454543420851156,3.8007870644513604,-4.144821486133521,0.09389744490277518,-6.539324780844384,-4.0117905049420175,-3.498317022799103,0.5036568271284776,2.706740516687338,-6.6489720331351405,3.6462715327359074,-3.5615327893515905,-4.35433787365155,-2.6104354948761177,6.096695056549103,-1.3197214623988762,2.0323776830001115,1
1.0338909276152004,-2.6009988061561518,-6.325775241054032,-1.6847095916745622,-8.191752488922383,6.4451738381320745,3.7172811352418558,-3.8625617949083786,1.3368303948175764,-4.900207729163741,-4.374703781835313,-7.6994063328958156,0.09824791707974734,-0.4750002442873024,0.9859555555825521,0.3472754580442589,-2.1073429992946067,-2.394278580581696,-0.22286660456224372,-1.8015327346268968,1
-6.856210092642773,1.9438681059071092,4.05370355562488,-4.2357901348435965,-2.075962195314687,5.567361712701463,1.0927231535156907,10.152931319351913,-0.34686764966781125,-0.13391471284914885,5.7191850198868295,3.3539661048646545,-2.2494875268421,2.15739521696758,-2.384408288590901,-3.5423201069651054,-1.1074117875195906,-0.9668438031721585,-5.1626530533872135,-0.3712701734699428,0
6.339371720455096,0.028854473655760104,10.268804616113894,3.992692617786157,-4.544909558438554,-3.802312694064475,3.601924289865262,1.8347205826022401,-7.837806690234231,3.952927341990658,2.9971090867053274,3.465246800530722,4.133116107645836,0.7889392482455604,-0.6059991468067392,-1.8919658038433949,-0.8290111436370421,-4.566273655996211,4.821191187995093,1.0576537465558806,1
7.935437884120589,6.709863326191563,4.386927297190317,-3.102035269325958,3.1364181387578793,-0.7130484147711709,0.23198849970603663,-4.605982333547397,1.3002684081121882,0.635158306242853,0.8266908870138463,-7.332238535487521,0.305490639061779,-2.6063146210778525,4.384455338726243,2.941358887184072,4.11349662427146,0.0039002111865361067,-1.0393002571160006,3.3095614957612676,1
0.9952333698386661,-7.129329625931112,-4.419964592039773,-2.831863957912386,2.240446625012767,-4.628348311891413,0.8546626741337413,-1.3174146511015605,-7.447018466914508,-4.559570201930693,2.9026595769100303,3.4269164144907274,-4.8335470190939205,-1.603131208780966,0.2885635861741988,-0.8078232790950527,-4.0569149634159345,3.8796489551520748,0.8066521499810592,-2.8550237407366126,0
8.828608516179841,7.158905788607228,-0.5963077558584424,-1.3481695563390246,-2.6514409542088724,-3.579251433022368,-2.518760520204122,-3.2883234243042523,2.1197956857819023,-5.502744219715139,-4.490834224160377,7.26200747366968,5.002056125594269,2.3584249642592763,-0.13464825123881774,-4.156359657877683,1.7989395128416021,-4.097598145011129,-0.5749981064823873,1.730684496222005,1
-6.383225472417663,1.172415976761568,0.0806324366752422,2.2471587422455856,-2.2559728137780013,-2.114496755328502,3.787505007473089,-0.6947392826521293,5.445477770551382,-6.254702167777007,5.2413771906582145,-1.7441317539413919,-5.981587230214983,3.770091513655662,-0.5255858129897454,0.5103639293655695,5.861968591451758,6.769452621915176,1.7861651056771501,2.8255939833391412,1
-6.00453377091291,-6.696819468436439,1.2407901525277427,1.5236243733688397,0.03729959293890017,-7.783660530978612,1.8621880477171553,-8.01743016095806,0.29528649014224667,0.36214472269674913,-0.5780477479443357,0.39997230198265615,-10.201627578935183,0.3130175899290312,-0.8810840657221266,-4.104810458078887,0.496205926120061,-2.5154711883990144,0.9185243133991357,1.224831037333313,0
2.3180173395903134,-3.682834715401496,2.7124050035218588,0.8466420548182623,-5.374797403769074,-3.3533235496706175,-4.44487066583075,2.821827746279209,7.602900157624004,2.910162755783692,4.752232377117031,-7.423567518414125,-3.4911546364431767,1.5018698308766374,1.4701758345349263,3.4208976151330033,0.9399689304059904,0.33696700687325853,-5.170395660480988,-1.8389869235815064,1
7.507761763569529,1.17676427574238,5.406511314623622,-0.6208094562399289,-1.6386859402121996,8.786760497390919,4.404232837197826,5.971164581115419,0.7788553845045282,-0.10883993752134387,-1.948705228115179,6.309935684751923,-5.635717358301148,-3.466267688574077,1.8265906294113292,-4.574133671545032,1.9517364061299565,-2.584545571232196,3.246035811437547,3.410745766412094,1
2.556183013482023,3.2338163879838375,-0.004895720982032836,-4.834720098535739,7.775528856927563,-3.1104310846502585,-6.759768487288568,0.15865353627495948,4.5679202612401255,-2.7135207718835264,-5.8273664830116365,-0.21538231790747414,-2.4722202220031773,-1.2516184105663304,-6.726117255327606,3.309098970913321,-2.5951064879547534,-0.17888168433863386,-1.4912802859696876,-1.8181974940855925,1
1.4598882689690666,-4.337560019064809,-3.037766222506223,-7.388533734453779,-1.6554159415693863,6.083373352514541,-4.08986395796957,1.0473064276740525,-5.166177323254441,3.3573574671116146,2.608122211471972,1.2991624992548425,-2.1634509867569416,-4.058008125334013,0.5872986226203675,5.145923505832146,5.063785107101594,0.6555886980919332,1.1498426181953187,-3.9591922548323626,0
1.2999244404470438,5.972055618866259,2.040843882351116,-1.515980834990914,2.955273782220432,-1.9929889338915059,-2.1854006074075607,0.05818693368075592,7.251441167791322,-3.76422037342045,-6.43304971546023,3.5670946556853114,-5.214701738944786,-1.195988203020681,3.1534381350573844,8.404124234528386,0.806611626548148,0.07146344973606894,1.529459517759055,-1.6809590295809718,1
0.8239328951459302,-2.041124411507137,-3.696242681981139,-5.560157058299985,-6.0675166741474955,5.5486383599209415,3.5243828665934,0.36659608217948764,4.2079245443453255,0.054839808357342826,-6.247754004999028,-2.194491662930898,1.6738831674903583,3.252150572023298,7.773623056254614,-1.0301294219314285,-3.7984618849439973,0.9996782408372115,-4.584349564203097,2.6527700862684958,0
-4.5501372476688395,3.6281525199888534,-2.2653356022910485,5.275563247362276,4.618607104024077,-0.604900177093749,5.455463443862866,-4.538894683694247,-4.4988059675046586,-0.9191721782944132,2.971839662787006,-0.6001534552470293,-1.793863107708301,9.329662286764343,-2.110449357326706,5.318600389780803,-1.7299580913508503,-0.43617665245418147,-1.026150311304491,-3.3060449153637084,1
0.9918078311360696,-9.313552046175516,-2.954683586029154,3.6166886968866123,7.046027261074574,-0.9994862041267353,-0.7011035697000487,-2.881043310540567,-0.5169318155692756,-1.1084548309364137,4.119582892429333,6.379402347317615,2.872986138713269,-2.6027120234111916,7.2252904111428515,-1.309177601952216,-2.527481341625667,-2.541489906227837,-2.732069119207397,3.931592223115971,0
2.804801472223078,-4.6108743273581885,-3.353780667843958,-0.2980985407404737,7.146425525699512,0.14146790744534243,-5.736271212990411,4.199897666994798,3.8900461762999994,-1.222480373029176,6.7947333415643865,-5.568527693364718,0.8744407758839057,7.797323824750903,-1.3781885143330814,0.9165596376742369,-2.728146827052953,-0.8729847840115172,1.175449754485603,0.0919655738325344,1
-5.510561976252945,0.525473696980943,-5.03535873904094,7.843139079790634,0.26796222667115144,3.607909628557655,-1.2783988973675173,-4.5911810312478405,4.522228714207332,0.8856434472064649,-4.53017498317885,-3.494444570956353,8.438329670054856,2.5262061404626053,2.0638309026167874,-2.211401643647483,3.9221273618061088,-5.076463807614915,0.9428550423105964,2.21302540000777,0
1.9554658323055147,-7.989044741903024,-0.11701941283994084,-3.184870647383817,2.644290639845887,-1.1955566687745196,-7.396955237016298,-6.534637119796945,-2.007574673789012,-1.7149477014249042,1.8643945725889652,1.0617660244924247,3.2128247740410893,-0.07171474956016591,-2.1818580834717416,-0.23600251523489443,-2.192840314745272,6.675643297569538,-1.0343690131017704,-5.7567758080284,0
7.516963767529944,0.3263518861051951,3.8315096164277787,11.100233616996068,2.824677474920188,4.88331993869531,1.6292092090310941,3.254247610620383,-0.10734879675222656,-2.35014293657658,0.34146941673333175,8.418751767158481,1.7147607288609095,-1.1757340285639424,3.2028035145232514,-4.184846083772887,1.8909721929509553,0.43236160996408557,-3.4757680468898293,-1.0111418898769318,0
2.247149226400805,-3.9020376505971752,0.6715068851709358,2.249008641010717,2.4853603038074326,-4.499996543582939,-1.1521191696556379,3.0875212782791976,6.855430169866352,6.347813300175689,-4.04041366790506,0.35346782738887017,-5.8386423438669235,-6.880748835734478,-5.957788670448757,3.282879548790028,-5.612151938636149,-1.6429702630762533,1.8191015139281874,1.016414242220349,0
9.420165103570849,-3.6166608134976777,1.846760647941985,-0.8426047717396363,1.7908245927522422,-7.276223550210031,1.8162999273941332,5.352804159581353,0.30768189074977936,5.098980718507004,-3.2142865340100664,5.199499235145812,-4.435681958494748,0.5925509837836801,-4.64158348948985,-4.114552574817633,1.3250574754091415,-1.5459401726239317,4.9071974814716075,1.8168254776450716,0
1.1098327912935178,1.9350486285661113,1.0908503537045573,0.9558096268031732,1.1119014899772,0.9602415508838178,-0.24401375443483345,0.569541026222743,7.409580203318162,0.12303502684751237,-5.163457405557924,4.419572178330931,-6.097711210150155,1.7321255574764642,1.3302281433732848,7.748425182630603,0.5767197669599602,6.099652881422475,4.667016500351773,-1.4501932693075708,0
-6.1163968777451085,0.06409412182475563,-1.9958244406166776,5.2940502550713555,2.944156962547702,-1.2367554321413596,0.06176288825359513,5.062517753542742,1.4777261119492495,-1.3532389207020912,7.941396206808912,5.622860589782091,5.676312700857029,4.758962105224392,-1.5262058525630682,1.6664812660286694,5.7145009962970565,-0.7016061971138416,3.0611409337882116,1.0576410175207596,1
1.3637423364107217,-7.127873802218991,-4.989988599787896,2.680731858168434,5.736257658800696,-1.7674827997664064,3.03462768082991,0.21435792800875747,-3.9650107007749362,-7.34926165089366,-3.49553660745906,-3.5740844752105705,0.02002889763482868,8.914008732753782,0.8296840529457313,1.0375122886439503,-0.2535079720397906,-1.4599451795208578,4.712660756945792,4.514893469987387,1
7.3876321724520215,5.199208862911588,-5.621670774290817,1.7984832438142946,2.508643433409208,0.1037405962888659,4.285513006893505,1.9592643396059852,-4.467892505885153,6.810606120854689,3.648535505574576,1.730852211930665,4.2882096816846165,5.72107950240417,5.309638619646007,-2.5658914537527435,-1.6621026335417775,-0.6773201726269109,-5.449352295820495,-0.07420700793370384,0
1.1635979772018912,-2.96956726502988,-4.118370466047266,-3.4796459616223356,-5.3841083740275995,3.664900403852532,1.7689092272706974,4.714209956842657,-1.4773662308145346,-5.925400010523891,8.797542219318872,-3.1674188631029656,-1.6933685184691356,-1.3832800445351074,-6.109946873541261,4.648852454530402,2.935055087565522,-0.39130885528605247,-2.2119454297384236,-5.8070416167907,0
2.2557950416769894,4.194509082328016,-2.26413866715625,-3.2204693691329043,-4.934671839860155,-3.4495634428212933,-8.13017321178431,-0.5721930293757096,4.2272305655398394,-7.050931268982804,4.71073191673119,-2.6175328723322155,8.543504120438794,1.3820916298810755,0.038987482725213685,0.27320153681466053,-0.577423136281445,-2.1732812608146808,0.025831745755269114,-1.0480402171869798,0
6.872598072759766,-2.37204871044994,2.532831135152743,-7.043444328710466,4.285861010423983,2.64747461231022,10.630402714771034,0.16434167537673933,1.0338704109039585,4.101744969326781,3.033240705519346,0.7304675788604241,-0.6588754926778679,-2.4357548721613074,2.227408959478929,-2.987699882794165,-0.7795717782281218,-3.0168915817351234,3.3204595300315853,-2.8860615060881827,0
8.27018915948407,3.2506017233946025,4.252904922959498,-5.042148038989151,7.604593730590436,-2.889108534931826,1.1912290105674705,-5.239338163105007,2.5066019671641824,-0.13567936312938844,0.6813074692879868,-7.759031963625732,0.33908396501823496,-3.029588579671831,2.0063156535499154,-2.8465529976694603,1.545614608368151,-2.0615547910343777,-1.2236810468691484,0.1983847198594624,1
7.9764381626865415,1.0873223918525028,4.688170996472868,8.47661582102013,2.4857660403005326,4.563400063908508,-2.283499572825873,0.9706580945027372,-2.226504222947722,-3.866276938778179,-1.1931586363633597,7.88429277922987,2.2162428760433084,7.790807464024764,-0.5949003093939955,-4.150764304757172,0.5258131602985653,-2.841045430477429,-2.049908899461727,-4.717583007005245,0
-6.362078618071665,-0.5447540913205249,-1.1320985256889011,7.272349748039041,2.9609637600733345,-0.20359426312738005,2.037604130797639,3.415742743197877,5.868359567013003,-1.215567447937313,7.987036924271933,4.331721567936721,4.261323533681786,1.1088320545500527,2.465857641957178,0.27317283024952976,4.9282186050968315,-0.7779751306222775,-2.785604836383309,1.562861281549589,1
1.386102188293257,-7.6811352083562205,-0.505288217147158,-10.83626196047993,2.3775433805498873,2.6196324766578107,-1.8965794880648272,-2.290702578799013,-1.7788635222346185,-0.03678698361065977,0.19504671112675254,3.599309680825393,-4.0242409828662105,4.09726958500999,2.13573412461334,-0.0641086940511218,-0.6262475112707883,-3.012738529128172,3.6133443603174396,1.7956530266278747,1
-5.044029714537039,2.205099912387886,9.044453316539647,0.5906865316543644,-1.4442001527547326,9.500098105502094,2.4310168829926897,-5.660259358206229,1.3842814851963372,1.0870037084279747,2.141074902193126,-1.409506519694114,3.385199895708422,-1.730845797160094,-3.276312387904301,1.8106307096504421,-5.540121325116486,-2.0002650849209735,-1.7598219478485255,0.3022757279021087,0
6.513517109198843,5.786917833618191,1.5011812621363454,-0.044837242089592166,1.0444156714699293,-4.714706263967557,8.822278867020398,-2.8229724382643004,-4.001398570539301,-5.3821866398489036,3.0921110536357634,-1.756546110900373,-1.7845219082069583,-5.380426721714892,4.5809857176492885,2.224922808119949,5.726784527431538,-1.0051130118840523,-6.074408289168126,0.5304430073976462,0
1.1210238188869484,-10.852206489825939,2.6146707377249165,1.8428036981294844,-1.2700927955012873,-7.422835451803722,3.8635623839915345,2.187663239698722,2.002796326053054,0.7774203621496381,-4.366130159809147,0.037545312263704056,5.050931821990552,-3.607555766548193,2.5411440732646398,-0.6240173301759426,-3.2399144651125247,-1.1839431173235073,-1.0064446614064457,4.572016544599064,1
-4.903274027107507,0.3908555145620318,0.8408784365766692,-5.132451621896769,7.8585371098860275,-2.8480632525428367,-6.291996220564789,-6.763871981674829,3.102066029900848,-0.3726662063053059,-1.3606864610813947,-3.122096253682261,-4.215952309946411,-5.483346970335919,1.839533206597115,-4.346293635452477,2.1953696453046287,-0.7208038043719067,1.0008519864217578,-1.5172595125313482,1
1.3886882579554967,-4.427442682240821,-3.2638493441497163,-7.151949107689372,-1.7676881962218587,5.979537464303027,-3.95967700828267,0.80005232220792,-5.184257970908066,3.185656920841467,2.8063000869919077,1.2991980776242842,-1.993161814817268,-4.149798674793955,0.38212451092768773,4.662626950299332,2.231237766609814,-0.5014806961426744,-2.3424147002386104,3.188681171943532,0
7.589979730217694,1.870007942940816,2.5519762202021408,-6.816853400636569,-0.4111292631711755,6.4970955930999335,2.6315787856069823,-2.728027664920634,-2.263196348199652,4.598393106800142,2.4203681255910108,-4.0308172469344905,0.723884881133299,3.7139093058849033,-3.084691180202125,2.0670065322110256,3.9804026346743675,1.4837183054245302,-0.08617191796604907,2.616758178324595,0
0.6473859700054648,0.16612585908201524,2.385614332108605,3.588504014423372,-0.4692263063366864,0.4114205720750861,-0.09432165084350258,-2.778774586261774,7.7303007806547885,-2.6972516879514483,-3.9182243891619506,7.632195705524394,0.058028779800922775,0.44599478641693324,-0.8592360139790816,7.068216434647997,-1.8409578814887142,7.983328064004608,0.4236204136105911,1.1270428700408337,0
0.41416523658683657,-9.96519992234874,0.3149468798161622,-4.133468503349501,0.5450735906598306,2.4956126895527397,6.89476211914233,1.5279475481215798,2.3227832182537425,-3.518934152018077,-3.122396931250034,2.0775891620986617,6.514472036853923,-4.253738016957053,2.167580488371196,-0.5775815749026898,-1.4697982753359522,-0.5890745987365756,-5.485841830774526,3.8288231413547544,1
1.7971610682553183,-8.126764432301563,-1.7713374760567202,-2.535796279993118,2.904349222320449,-1.8972412964541863,-5.469004702013205,-2.611197945212975,-4.281301182800306,-0.4789204593375209,3.3337390757429284,2.926913007317955,4.0825851379599865,-5.340971082107715,-2.197819061725901,0.04591244768368649,-3.974959343094719,4.449798464449685,3.0909828902005265,-0.6044935816037603,1
6.570048631888907,1.1945310575961927,9.664811091928451,3.3039525906566247,-2.868133558300924,-2.2294997396502443,5.254784540139689,3.5876599249173493,-3.5450121861456187,7.199074398386559,1.9183246851851796,-0.9468752616010998,-3.160602863884294,-1.638472987273896,5.459020850710286,-2.103078817680268,-1.9474629760649282,-2.4015349755231927,-2.5983567530276592,1.5234178008343389,0
-4.90157537548245,7.012594077588268,-5.731597775149588,-4.990623234494707,0.36973727800732115,-2.62970512805693,-7.86178186405367,-1.43809186924875,-3.4664977265690027,2.9827698726614265,-0.6024343184824956,0.8257679161249523,0.09604258942244981,-5.971877002755967,1.6352052196239941,-2.603973934730568,5.367945829015995,-1.7680383946277713,4.594115504939752,0.2965583008521488,1
1.7342922887779046,0.8570276996497344,-1.9950249437043561,-1.7563993303576948,-1.2047807655004685,-2.5211155633736246,-2.4295246140447193,-1.3276090422780684,-4.805513023803634,-10.170734256447645,-5.164871990815398,-8.694214277001116,0.7479827265798453,-0.10393887113401012,-0.6450020737515066,5.582251261367072,2.237816441217097,-1.2614600962406721,0.9645866113821724,0.49221471258255584,1
1.659999620313759,-5.987942670617053,-0.3323777510773311,-5.411413670952967,3.8170353331097457,-2.520788771835209,0.040728348465281256,3.1440098161473053,-0.49071355494409746,-1.4329502660269466,-6.174248304692739,-2.8961711222732163,1.3115461826566148,6.128282949289545,2.125462097703884,0.29651413543022975,-2.0396254137187615,5.048889037775065,0.6846547502954698,2.11620293630552,0
1.7326432041014848,-0.9498534097810611,0.32021501782016304,-5.7685463551101925,4.856838970643308,-6.531669237275542,-0.07991337266701715,6.656910440959857,6.3393848170788925,-5.480699782926583,5.114163771163968,-1.3296614886159321,-0.557092344627464,-4.316033007178646,5.878321909050481,-1.4809735638303816,-1.5525349795190442,-1.974044791051409,-5.006895481102522,-0.2543250343854063,0
7.396633864827856,1.727813117173272,0.8898682004477263,-6.1928526691030275,-0.10203471883803117,5.797211987005976,4.576034487064764,1.1943179240191473,-4.537281551114291,5.891126253522668,3.8774246267698933,-2.1594906541026955,1.585460184491504,-1.6130416428033134,-3.169725245734988,2.553418051062847,7.696076984230878,-1.5314514418233434,-0.0968860643205553,-3.3857899028675518,1
-5.7040939351877995,1.5500177963955615,-8.718035256669744,8.440940311432435,-0.27185855582213625,2.8563549318921613,1.8386648527801666,-4.54646892477691,1.4989174010654216,-1.83958370264996,-4.132290083516418,-7.601142996675656,0.5951219203106723,2.936356656006632,0.6117539643137315,-3.4131194590116416,2.0087180913043325,0.5586412217268417,-5.078163014658946,0.5450589465446207,1
-5.4519872201004755,1.8602210755328716,-1.769962490037264,1.00980864839149,-2.059460053249384,-1.0966399139031477,-1.5645134648270589,-0.10576871614559406,1.368820591589186,-4.864612617099896,6.003433433583462,-5.055669731141103,-3.4244474205818483,4.203704275474758,-8.158426036050269,1.2462865659405369,3.3360054348970314,6.969635947421541,2.2900721516085323,1.7231657650041103,0
1.9921607996689619,3.5512363791898083,-1.3248348102140912,-1.0979433489991453,-5.059660915380525,-2.453100500358219,-5.93952494273724,-2.3516741808064374,8.408020206082082,-7.319759582242268,4.679989377339628,-3.9181533571611453,6.91312201402729,-2.2529981810084974,3.9111810485076575,0.06555770429802088,0.6284520464698328,-1.642312689099892,4.050491962971652,-2.284711987386931,0
0.9102415286282987,-7.6306106529255855,-1.8640293430064658,-1.3533431434971726,1.846052665918411,-2.9433160908231537,1.0671450936705036,-7.044171086755475,-0.9425456931458432,-6.045044530273191,1.4646139280211212,0.2807095583179365,-7.23623501942421,0.009269186786426409,4.148791472994593,-1.4277128468550349,-3.8709881188870603,7.303939454227072,-2.70024878138169,-4.51973765726429,0
-5.374437539958347,2.349741391095118,-5.868631607609146,-0.498743658515359,-1.4441084770189403,1.343301565550217,-3.9296915702936612,-2.599198936216374,1.042754494432855,7.051402418747154,0.7108897243335356,0.3916419158021307,-2.2920304240264473,-6.734357944963675,3.642152564064391,-4.851855086707703,-0.6232217467451774,4.4381257694985345,2.5535550841559456,0.8790766487432375,0
-5.4264152049374745,3.135490484249962,2.1949872993432473,4.926783744975503,3.791490661301543,5.03488114150874,-7.023688740264713,5.844787628171391,0.8577440820616521,0.23765639664521632,5.839389362294097,-4.0815807822758,-1.2862572353479274,7.888930265269915,-2.275512573777077,-2.7112577658377006,3.23256472764127,-2.923490571178889,-3.9531471578923667,-2.5891215190107006,0
2.0094457168942887,-7.6442193733545025,-1.3935422288228771,-9.961289309897783,2.4606997282655514,4.6277228970229904,-5.009456815334063,-3.5066619797584417,-1.7750358856597508,1.1223516148027093,0.8997748999357813,-1.0327127779131555,-3.1903609657916143,0.9101323669621161,-1.5938332175058163,1.3636483997200608,-2.7746044907743026,-3.9735148251585155,2.16151919603265,-2.397256885702653,1
-7.373241828206731,-0.7691787451799565,5.888624959917275,5.163200677493826,-1.015265485418301,2.139261318127427,3.000302318608248,3.593157046011285,-1.2353749245573684,-1.9855271808712807,-4.3571358279206205,2.4485090898245727,4.639260538612227,-3.720025218026538,3.033740679018588,-3.6255176813580787,-0.2704873868664659,4.562517790163499,-2.9864759517016366,-5.425924936941457,1
8.910984490678647,5.722321915356894,3.315398769755446,-1.7985504292457755,2.354328217915715,-1.6895363167771444,-0.36042843967377547,-0.48667978158755004,5.119035529539282,-3.80998920718268,-4.934473157436057,2.5697172872242757,-4.5450513678834525,-0.5730579543913252,4.751315572250894,0.430078340957529,9.606555844634686,-2.0011424440283214,-0.45975091980959815,-1.9293784432680152,1
-5.613324299163502,-3.997959387533073,4.272628565696506,5.1944475281133276,-4.266997540683531,-2.770412114774417,-0.7862880372758355,-3.733896891353875,4.061689241869009,3.265381333375449,-5.9890803595763895,-4.907093072017549,3.7444067438325037,-1.1120243018402565,-2.593402524544049,1.1411774885396735,3.418208435008768,-1.2948317522180803,-1.543047976758505,2.227904004133877,1
-5.780472046793825,2.3624295014141565,-0.6106428930666663,-2.454111888049981,0.48078106889102934,-2.5969561587622203,0.039873606389876956,8.313110279447281,2.009577118333946,1.5902187285082539,5.402753487125178,2.339991431297477,-1.1965138303264586,2.718829737576865,-1.2540276365632468,1.4891086358974546,5.742086756234624,8.161282266263171,-0.8814363397322877,4.236643411645258,0
-5.578494061296617,4.970222204632238,-4.83744709401281,-2.6383923958948547,-3.0195886174525004,-2.895607793365783,-0.22805103236459073,7.181451441199858,3.038375106308708,2.5574309983441634,4.658199748568176,2.716674134053835,0.7690440970493888,3.4460621259877526,0.0755523625747514,-3.3288084001151095,0.27222681045593095,1.4455975184017733,3.9301557583227065,1.7638776494539463,0
-5.632908604415425,-3.420232248794666,-4.253006488437439,1.2897393837643114,10.125873928984289,-1.5381982179135874,2.8064277353620257,5.964185474343496,-2.205024598315202,2.4842829348885864,-4.14750531450807,0.27581369249480087,2.312766252849621,4.109696949378439,0.11855374208729341,-3.3647166546645,-0.3760404291229495,-2.30966123852844,1.0518112855187747,-0.22820971638939713,0
1.621227444844716,-4.256315599079136,-1.3265916659817738,-7.800736383490604,-2.1604439919519223,6.724839617736925,-5.758239379481744,-3.1149723087475354,-3.1421259508098762,1.548968782472772,1.1514643937077085,-0.5591682449736062,-3.281310542072511,1.2568564201212855,0.5689259704622717,5.172616490329495,4.189102422565737,-1.3653284231157206,2.2337021360411975,-2.5445717151353406,1
-5.545728980177209,-4.240731442026883,4.111864191631081,3.791824027230371,-3.7997618362809713,-2.865951097527556,-5.328131042479505,-8.680369363400596,2.1584723190040194,5.039476637515524,-0.08614731699906086,0.3426330678831139,-1.5230821854663072,-2.9379754656326904,-0.8922677057757296,1.4262800330666994,5.168734134667846,-0.6344891160266165,6.303455191135726,-0.6907166003570119,1
-5.443426674095598,2.312573021774714,1.1633394418036545,-4.74240621511045,6.616997153665741,-6.7073340723438175,1.20301750074234,5.378598077009634,7.342423763149432,-3.460712391741671,4.008165839182414,-0.24059368326096614,-1.8601361719740428,-4.244363620915043,2.169144154942054,-3.9144076775619743,2.1467986432131068,-5.1411469942726455,3.1326068930535214,0.760505896866577,1
7.997278493360051,0.7507428421407278,2.9588594860491577,0.004303313893227134,-1.9954797492830654,-4.2202600553933625,1.6893050899970108,1.644369597069801,-4.939059822462642,10.091012253205246,2.811725784066928,-4.259638718881796,0.22838165327070215,-1.0892563773094146,-3.0038006373567803,2.543409535830601,2.3415971092721932,-1.5333472990508412,-4.341433490867475,-0.019132055533350158,0
-6.034203173184277,3.7877792512420676,6.445890978766778,-0.3699716139548761,1.014698087202389,0.7328241821604222,-10.565214483813868,-5.429465999059779,-5.231274942525925,-4.426501658183982,-0.3681263109055721,1.6141685190258248,1.980332703067154,-2.798747857095165,-1.049999312368484,-1.8012697857511895,1.8967127937154906,-2.2813876301314484,3.4920121664841575,5.88159082402798,1
-6.2776929681913085,-4.891429723267557,-0.31511478343074917,-5.936894647148439,4.109498558702429,2.8995706097854264,7.692960222907434,3.791172467954535,3.3820198817470892,1.9611650538330117,-5.306321611515566,0.06895988359204752,-0.5087233737884678,-2.9095721656692266,0.7100367904674858,-3.191608850977747,-0.12094615123342853,-1.401680420359364,2.871233354561596,1.7138331300920162,0
1.688703049964853,-2.4568978313544534,-1.5070277225377344,-8.31380657730873,6.199528730632544,-6.422144820172136,-4.318581823073773,1.2189958630325881,-4.825562351465169,-2.6689636542637896,0.30375747360265837,3.434448799014172,-1.8144842380081374,-3.994720742625452,5.290387001926359,-0.08266611727801113,-3.527306070237814,-2.1872990998505903,-0.8199273979864881,-1.8805197433290024,0
-4.898841835653535,-3.2917179525014104,-5.058223402286062,1.940871521308636,10.354559376598143,0.5672715550215414,-0.5769286268859146,5.007716002249598,-1.9278921157651339,3.954128986195923,-3.5574951534473596,-4.349173385251896,3.2046693315807238,0.9477085385977926,-3.4432854091081984,-2.3511893415907488,2.3749765004968117,-0.1514263643146888,3.0869554650107576,-5.214875340557877,0
1.1676521032849998,-0.18009761647111078,2.442834078093405,3.1447832520352783,1.737079677170536,3.188027758355586,-4.947003342333879,8.197181400682293,-0.43983983216141803,-3.5485752204772663,6.133056201690588,-0.5729306925249278,-1.128793723177402,11.158296341231326,5.26047434881233,1.0550164782924045,-2.362046094702584,-2.653160291375327,2.008897218582158,6.672769287565341,0
2.076002186412834,-8.476164782868079,-2.958549862253511,1.7412934458538456,6.921360913887683,0.7525615102583936,-7.846919667790424,-6.207752875515826,-2.553104206752054,-1.1652579676686479,3.20465748415561,1.1399966218729924,4.199690510955308,3.19283915995972,-0.22249340214833613,0.1320522352147351,-3.3700335430100106,-0.7528265780767183,1.6515365607662564,3.1516294021274285,0
1.5601486617374618,-1.8612964168626078,1.0678787954352196,4.4736083218576725,2.937915664740913,6.617057369660936,-6.077747360547036,5.313131622194442,-5.125771104471552,-0.8365042022059699,-4.202789631749496,-6.985193610030439,1.961067726058408,6.544270130009242,3.5785857655467,2.0656944800192774,-0.9678023061058555,-2.7492322295973652,5.127932397974023,-3.2349844527061844,0
1.7732724197984124,-8.319013047416295,4.069597922714571,-1.4144415713646223,-2.5529401966703986,-9.07477441442235,-2.119500086772603,1.8271975774201854,4.523756641831817,-1.931693530289949,4.901162400534285,1.062605529778196,3.0575294387963146,6.703619802184043,-3.115966933341177,-0.21862339901215194,-2.577563724276162,-4.614867883431072,-1.2809623613712755,0.12258800529255308,1
-4.3814486340617576,4.8167704715381765,-3.3849798358475782,-1.279599602825666,-4.784977179769561,5.575718228780539,6.955155789242837,-8.983151469577795,2.0773435974942207,0.7231687073321679,1.6566238812782499,-5.120325769015937,-1.9812659438027753,-0.31675262965790074,-3.9118954902757617,1.0576063731779677,-2.508561695441642,-2.7369168604584244,5.456290698316563,-2.5936749628832443,0
1.7166583233054604,0.8502856710622557,-2.051964571550608,-1.7578792667924599,-1.1877795721588364,-2.5404942824221446,-2.456738281309478,-1.3296004425719785,-4.76721762015443,-10.061668333175405,-5.137253402348195,-8.70500057104383,0.849353134748522,-0.10246682677456476,-0.6600466718766154,6.169805042004408,1.8795580452422764,0.1066584986000507,-0.18996697650721295,4.638589784739381,0
-4.348963739714666,9.570663369647724,-0.9026520077126854,-2.2624236876521855,-0.37344409135527035,-5.791869640846171,2.4124511695034383,-2.6174574334750638,-2.195161337384177,0.028701682305658505,0.7709543569120092,4.7244463844470825,8.99806576551849,-2.055511453030281,0.34072219249489183,1.780651853605279,-2.8636846084846055,-2.091635660061591,-0.8739693099649203,-0.23482929143572814,1
-4.692859498024261,3.0677590990554093,-1.1474777130872622,7.208775505823528,4.551853593941507,0.4815240975576288,7.483666630347278,-6.130582119288763,-0.19542277615814643,-1.1074126031311584,2.8468900866804177,-1.8544993510746584,-3.497800989209191,5.816259300798798,2.0706643218159115,6.057328982523817,-0.675273362953616,-2.394177752855459,4.399156803559141,-2.9769001426324895,0
0.15780834597759824,0.762023598043825,4.328196459768029,10.664188194511361,3.1442015619868404,5.3230695959582555,-2.2064661296272723,-0.024010083373256108,4.363539783630278,-3.601830641968693,-2.6967673639257637,7.623805658937222,0.17891965055847203,3.505727471602729,1.757491636412741,3.396056468463691,-3.5225464835785494,2.5465696045560557,-3.1024483194595995,-1.372876705932488,1
-5.402304400628839,2.336823897474572,-5.954791171684178,-0.49426625347862857,-1.4084561365319614,1.3256671106223765,-3.953662773236106,-2.60067038890566,1.1084000831129124,7.17589543351692,0.7736676538601122,0.39664607681890074,-2.1630342060769525,-6.728935794148905,3.67217903796737,-4.74301083745388,-1.0683139993741164,6.551752626626618,0.5199442580138547,-1.9062513896653668,1
-6.4369033660101405,-5.997469198291315,1.7107754696917643,-5.6840179729656155,2.087182032186958,1.9385155108571532,4.2059652672790016,-2.059704221886304,1.288452789662178,-2.536575831477826,-5.562519331642688,2.5609282735223626,6.105181039591471,4.59778050671116,-5.598535471012442,-2.870346074517144,1.0567591433190702,0.9995286196290301,-6.428633197071957,2.02298400937058,1
-4.480667611310563,0.10693950331258528,7.470418974313592,3.802585609461061,-2.8607345089363525,-5.474188445557432,4.545870817683333,-6.467951744739192,3.4542030062142377,5.227952080587806,0.25156412012493967,1.1532124119451161,1.6857505774623907,2.2478512147526857,-0.12247483210338461,5.087837721937393,2.0052897072250206,-1.7187926987488842,5.646400699588028,-1.5766644299266441,0
1.3129547006648683,6.395509436548733,-0.6954767848671806,-2.7910514653416496,3.2488683657281845,-3.775678574590388,-2.2487627230173444,5.534742221097774,0.6874446074287845,-2.469748396453773,-4.805609611972663,6.747966357582852,-2.6437415394302386,-2.933603028507805,-0.997087279090975,8.097317982287592,1.824426896683269,-0.1005749831427993,-2.018399051839662,-1.5763213850642854,0
-6.12843907024824,3.141184436487772,-3.6299119656779038,0.13649733335316386,-4.668470058462043,-3.5110734033357147,0.08477442050723596,3.661594933018189,3.2045499299448594,-0.3801044659963084,5.966917080099044,5.812628002716441,6.924697004574755,2.074392408027106,-2.3005614122776876,-4.471618569541638,0.48422008331998617,6.5755291708576316,-3.6203762117183125,0.8453898948556212,1
-6.422512301164256,-0.07127849204443618,4.042584786731096,3.9044613150874627,-0.8046808359833069,3.171988590774789,-2.3979831424316056,4.194268269644683,-5.243301477671748,-0.5698489124437619,-3.6116980937478695,-0.8197693509233679,7.257977586608085,-3.2846625066737065,-4.57846909104189,-3.257128649641728,-1.1404440549712156,7.32022091006445,-1.7749584357544643,6.5331781756776515,0
-3.712965855560146,9.184587030822438,0.8121699212023044,-0.11278266136369397,-0.541426914657392,-2.007009191492667,-0.760355306446893,-9.324594507269133,4.606777734324658,0.047356886668937115,-0.022302019057274802,-3.0559475752881493,7.481614780135261,-3.5832279351532885,0.6811377899575211,1.2279590268656273,-2.7901105574183758,-0.05649385519204181,-0.8194005183473447,-1.479586127628217,0
0.11981007675115843,-6.662779337619174,7.151923935888762,4.801399751445446,-6.068068631009024,-2.500634579403732,-3.0739368680546626,0.007867234462483358,-4.090368292629562,1.6279893708520219,1.784909241383175,5.628022940868547,-1.0468943990389463,-5.306234155374945,7.085368715965341,-1.0998999183028773,-4.799627435987614,-0.9943911916371215,-2.9356101262142116,-4.680425490535657,1
8.21176744739838,2.1177478787278683,4.108568717611709,6.8783687276162055,-2.2626982493425745,5.022761192138116,0.08099454651872864,-2.0005383645157586,-0.2514324336002819,-6.133665289836114,-1.6061748786377072,-2.159095201400456,-7.473239602155887,-1.7649921080108029,-3.4247702325646356,-5.099843367764402,-0.35477092654284237,4.555131834549412,0.8082240160793994,0.6357658481355263,1
7.081422909342894,2.63609609250653,4.243470419285231,-1.55912762616353,1.3025220560528226,0.22371499642818787,5.204773902799627,-2.8350950178838628,1.5138055870635156,3.631422756514633,1.4453460859099185,-1.8372976736447897,-1.3593347769544042,3.569508750279207,6.188294816863406,1.015690850143253,2.434769859550712,10.064581873047956,0.06680323777412958,-0.9772900132785464,0
-6.846696962629279,-0.8717453726317177,-1.8852724313458573,-3.119410540113167,-5.497813679426125,4.640571878014774,0.5809710568983966,-9.4143378286215,3.5067329096043527,0.9169577325246963,-0.04634495280381776,7.312132693485926,1.4103585155944698,0.11747181333150716,3.387572653725117,-4.493747016172591,3.038110432519208,0.6507030262977415,-2.2775762117433733,-0.37547592266224283,1
8.315796764195271,3.484087116934926,0.3078100106356416,-0.8051392770290721,-5.733383883359325,-3.839192278135725,-0.5423180626051113,-3.407129015520901,-1.6304357618571883,9.977801293493476,0.5709658233110807,-5.837411574086825,1.3873330947363993,4.758674912956968,-1.748189844760315,-2.978535381730209,-0.13339630654185275,-0.43848822954835986,-4.751949805756065,-2.4223601122233696,1
1.2515746977130895,-1.526437562817856,2.0514848666918777,0.17856818984402012,-0.9777753834689429,3.9442406387486906,-3.84039487826899,8.91032141662501,-6.635628648095519,0.18529281324146168,-3.904601001551495,-5.16933030624539,2.1200158333928085,-2.052702582602242,1.4786321104258553,0.4261409056482812,-2.8576263680018474,4.2075313458013195,2.34525608549594,-0.6850662297315528,1
1.0554833058612716,-3.129312289522355,-5.769277909401661,2.2028113445601845,-9.865845747326563,-7.292461508341501,3.9301564212095883,3.418384898611371,-5.866873259067782,-0.6606531924312646,-4.839791307779075,-2.0260703107420746,0.12290289417336842,1.6560536132865558,1.003132159492727,0.34283247698170516,-1.0966368584904913,-4.425370974828647,1.1747229843932738,-4.142301706422902,0
-5.9268240038968925,0.5429723844207439,-0.8387496571471891,-3.491729383278055,5.10700919607933,-6.9777878057514595,2.8303243395026194,-2.1073712378359386,-2.4670670939196766,-9.382959001223005,-6.887109510958904,-3.5444262668195265,-0.8839188129441621,2.469899289064676,-3.3298532351973713,-3.6560773295653757,-1.3561969567199166,-1.2979697364949154,-5.963543899922391,3.758065161259535,0
2.1086403386939825,-2.0300950990774287,-4.615420792161303,5.152809943830165,10.526019508290943,2.122232411693927,-1.4082315730680197,3.2744421156825307,6.387308072298827,3.105778085700602,-1.5997478529623033,1.437467374037897,-2.7648417067208944,-3.9444515908780566,-2.754248291634954,3.111890407858037,-4.909798645351448,-1.5302485658240708,-3.61494753722916,-3.5083872746917124,0
-6.460057095662833,1.9913859993665104,-4.97034010817012,2.660318931991946,-4.658471550763281,-1.0974712589583415,5.459095972206827,-3.688818502718175,1.957719887629871,-3.629875599027593,-6.197577975018884,-3.0536464493527813,-1.2769393985796487,2.971762506912416,2.4403226078992315,-4.9072625086110655,0.9324055719614097,4.226296262121763,2.633793068509742,2.7554276374724935,1
-5.856769439262054,-0.14183550888324425,-3.6256699278410514,-4.463805041975885,-5.275406053658464,5.6997999018741,-4.842886805078651,-8.722871752664386,-0.49903332262892813,2.316343386670961,0.6471145459404477,4.046252982050423,3.9461344429466996,0.7094036647929003,-4.045823407207574,-3.6076440587493668,0.23339258484350556,-0.9226469107196489,-1.2762663614653795,-2.0081310560345353,0
6.179065618051099,5.9363478891056,11.458299361134486,0.9584979153541358,0.6459725783103274,-0.3532950291895589,2.1331188655731594,-4.47146095830745,-1.5461161928899383,-5.268353333499229,1.2105468398010015,0.3633081161601596,4.39648325672086,-0.8016423425051002,6.558145993192278,-2.1691104236314396,0.02337137572154302,-1.0341145350845273,1.1557473233249556,-4.078185485266832,1
1.3793212267445663,-9.071511318657203,3.209978533801736,1.2242388719475619,-2.25683523522975,-8.75848799932469,1.737956493497534,4.082129004937378,6.769120369422005,-0.5113814080900145,6.488408375147554,1.699166291414297,2.638422831683206,-2.1933964420315917,0.7401080717724298,-1.2889490506201589,-2.6713937102603786,-0.9968722182882239,-3.774924347523275,0.7325624766896658,0
2.6051973827039423,-2.1824821185118566,-0.6370408639520674,-8.318779895496501,6.1473089388040005,-3.6070398321623385,-9.656239570772282,-3.6504667118090763,-2.2656830100822516,-2.48843633830151,-0.5599891897101115,-3.0111887119529586,-1.7511719042493397,-1.8395360402101995,1.8524747670325994,-0.2916312299214997,-0.5541594224880911,-1.959844364599375,1.3574326238112353,-0.05080074645160823,0
2.0135196361109355,-2.794931657916223,-1.5353170453791765,-3.8499979184824475,-0.15559225223703374,1.4798479245923928,-8.622432663454594,-2.584156167344581,-3.370336881053152,2.230573833044784,0.9422448027984841,-1.6973948290204883,-2.660998964310776,1.5299489518058387,2.2683906371979834,4.067163997766793,1.764429544690262,9.681678724423767,-2.7735790581062623,3.5913814381790545,1
-6.009852205416449,-1.3062744663788672,5.764189364306718,5.299331862007052,-2.876890538792016,0.014483318792180011,-0.8876089579260713,6.00845345139499,-1.0627532736344079,6.527653694183668,-5.648132960762209,-6.288885812328599,-1.9910489833031015,-5.463729506679151,0.09821209806695175,-3.5937400847864653,-1.8781811988714787,0.07383312610782268,-2.541047317613277,0.38632447228892064,0
1.262798492816608,-0.39306118468344087,-3.030088886483121,9.937077651343778,4.262458851104231,3.699720922746261,-1.8653481016038227,0.33416106563321046,5.112552819241507,0.4422412348317642,-0.3582422656302172,5.000196319695094,2.9339915843088753,-4.817997186775253,-2.6668513012349284,6.893940756644504,0.7931288593456471,-0.6140195117075893,-3.762581571619195,1.061333996376501,1
-2.9551463031756713,5.383493002247593,0.9938076130754864,-5.931766587557211,9.324667680784408,-5.039048416299956,0.06025482089338707,0.1780205547024018,-1.9176673459949694,2.442504579860369,0.9396366158174256,-3.731643457669719,2.1188265592956763,-5.026551942927845,-4.725268664928762,2.3595025354813868,-2.4979290707669493,-4.356880589756026,0.566239115244591,3.1801910429401654,0
8.853793616484086,3.3493766660978563,3.628596123117469,2.100898980694005,0.47369716596623623,4.598684191217155,-3.6363632652358717,7.074721143395697,-3.7844512417070115,1.6184406191473149,-1.6397515528576683,1.8791550589616115,-2.973040017289523,-2.6873620337705644,-4.034830248658027,-3.7313083063941503,2.8044386622784385,3.4705525014526226,6.026629677140696,-1.9033502013038373,0
-3.6978852185919227,6.06762351777153,-2.513143081358276,-6.39179043158078,-2.461047218810028,5.70973944175106,1.4912923534217457,-4.150303125870428,0.7083716710898632,7.059215876359877,0.38642897605870835,-3.0062810822983836,1.862354639949468,3.8331441825155865,-4.727534294250042,1.4386664772585642,-3.686031638711734,-2.714309400803934,0.061791130287095014,-0.2919647668905844,1
-4.815664447533526,2.850424345695242,8.906529841651011,3.7393857540145357,-1.3356292591911816,-2.6465744710060943,4.194810288481974,3.4492503512875663,-1.3959004280037608,8.824201665937181,0.6289797553951559,-0.19727093140660024,-3.8537184820849175,-2.10473222658727,2.7669373383479376,0.5503432763776803,-8.071473490078205,-2.2491452650112818,0.8838424281599151,4.753730296267994,1
9.293609311173153,8.911238717828121,-2.0885226510567763,-3.963458928682788,-1.0363611012846978,-3.063496729663372,-2.7956146617749047,0.018292839812694667,2.001361428476747,-2.485366172970643,-5.544353765312475,4.142442663088684,-0.7554232400394977,3.61080162690387,1.953346265783349,-4.2841773677366,1.8213297467412328,-0.9597472636949692,1.5271173758585983,-0.37755604128630754,1
1.1092450922729964,1.8537536929309264,-4.099464254555148,-3.911201575633884,-3.431035735667995,-5.082707376912968,-5.246177168712637,-2.6398149663001202,-4.897908207932382,-4.082195595877852,0.8128163556762369,7.41872789271246,5.940146103067004,-4.063114835512806,6.831209726595676,0.6383437734013968,-1.188612928444063,-3.670930885884279,1.445070414731734,-2.5938671912737434,0
-4.7810921738475605,4.0934949311420405,1.0879377612922272,10.771417022363018,4.332282655277275,4.805856670594371,4.469152063935299,-0.859666907497977,-5.062442728439521,0.012160233672516032,4.890208149741847,-4.648348436322314,-2.626207748760088,-2.8847823769269954,-0.9261092413092799,2.5760410233860993,-4.200011070688369,-2.294740974378145,2.912016409712263,-1.0942949862189981,0
1.9228053535996508,4.001238458275557,-8.636857234724808,7.039883637929507,2.441501236056946,3.965578927335873,-2.4373805070503756,2.6601641476011224,5.956582383411485,4.5623075772446215,-2.3211449011096823,2.137568301953011,-1.1801971223730785,-2.867981810675171,0.8614631924540181,3.6192259341455526,-5.73294943066884,-4.333262547132249,0.8921923934259132,-2.0983176725871444,0
-4.670199234630482,0.9515343374189579,2.5343732773087204,-0.863084142441723,-0.4796296319369946,5.809019669487804,6.082855952913356,-4.1980179411680405,1.876055942863689,3.8756017810702894,3.7871536542573927,0.5313193016765165,5.184844379028203,-6.860422864078277,-4.167732388888785,5.803585609579374,2.915408334242078,-0.012520752994559015,-0.9122017842577478,-0.48969661387909624,1
-6.468963685045265,-4.885156302420873,1.8412115988584796,-3.8343106572388246,1.363689331321948,1.023274983273052,5.997898398995057,2.245282590519397,8.118970227706942,-2.7175222161056305,6.578304504805517,4.925723260622254,2.7937515563532287,-2.7356144346286024,-3.3152047102426314,-3.8165458363008202,2.3325421923127063,-5.153236244994918,2.2208323820139615,-0.11574858373515855,1
-5.40325187152903,2.3367634342797907,-6.013669211513787,-0.4956506977992091,-1.3769824247211337,1.322815362371769,-4.006328522554393,-2.5915747886158913,1.1759471875527505,7.279107556538386,0.8001991009157707,0.3748149041365856,-2.1003111559905934,-6.792019651156101,3.6609667746842525,-4.989356132899719,-1.5592201891760564,6.412944672175518,-2.1966427385711063,0.1365678955803948,1
-5.214840663990936,0.7508533605473793,-0.5095817977038668,-1.5513810200326315,1.2453908781685288,1.4372264511318145,-2.9357146155648013,1.2332988001043057,-0.35894338664439057,2.763535671313363,-6.140398893657357,-5.84967249608246,1.3344428027626425,3.364896780302081,-3.0847546584186496,1.4870254943270491,3.5450974819348633,7.240074832620333,-2.521852249242447,-3.5331216484431556,0
6.81752699190909,4.222407190773151,-2.651942187635048,-7.124430449105137,-3.680757089238658,3.403124347770541,7.529834994383268,1.1689819757670818,-3.6623203839098615,5.871010931269586,2.490250697245356,2.6975346379254654,2.768043246029751,2.1465558528845974,1.6614453758631422,-1.940437276075132,-0.8725781439248079,-3.097225508916598,0.2877682160773255,-3.4415316397525317,0
1.4111243820967951,-8.061995060475418,0.12112367902676702,-4.0887471480173065,-0.23412073281763235,3.2639344033912927,1.4212290152992852,2.4312844639434217,7.332183683817274,-3.4123815756676157,8.388116058591097,-0.803396690737492,4.961031798246513,-5.949349730753122,-3.2144724585538125,-0.6479695552648923,-1.3218499038953233,-1.2634306390607621,-3.733381948311269,3.2746582011729664,1
0.744147847418617,-7.44781871616904,2.876599737448977,3.989415279175925,-5.943658428621242,-5.303592416080606,3.232460205150688,2.613738643703999,0.4427797285465732,0.9526212048722185,-4.293138170250479,0.4766239157183559,4.666041094559065,-3.146886216949695,4.770455187999208,4.429198894920469,4.117356396355219,0.8592709536156016,1.5101520390792573,-8.547921536736684,0
-6.323894176974918,-4.670998269359973,-5.146025437293293,6.411287780044656,7.814636534466485,-1.682139776860191,8.256896803169392,1.1244422513039802,-0.8347947206598022,-3.78053528736839,-2.912897892835754,-1.8894823116202082,-1.6070810284796642,-0.0460367614911783,0.8437321400611557,-2.923310353336467,0.31224197989544433,0.2000404030967423,3.6182300745460814,-0.44180609561890344,1
7.675133210179004,-2.527717957821281,4.712610588389433,0.02729007577228687,4.15330360502597,-0.4540795884528359,3.2715712062080513,-8.034875669933422,2.984407432362287,0.8318105215751789,3.1260323393959775,-3.7071048134422755,5.4745516970260315,-1.2984113442589764,-1.9929996159421621,-3.0020134259118803,-2.0383163701179177,4.441531782327453,0.3037000254373089,10.730718269730836,0
1.7503124769713478,1.3846308288947116,-4.413456963606355,7.262025744801382,5.894214374023206,4.24925400888107,-2.1423254145246964,3.7282664337075193,4.965114462780965,3.436846790315695,-1.4763344079118124,1.9073140245388127,-3.069333251063753,-3.4975423289847267,-0.5338614093689751,7.738241467832365,0.6226020638798774,-1.3820697739239527,0.4624100223013799,2.406320270963012,0
-3.9308729528171713,3.620292508932776,-4.634478189344845,6.603388869268636,5.038446688093744,0.7976299512152597,4.0779612076955605,-1.618140382105332,-6.537333430125823,1.5002726871502021,5.066169748121933,-3.2461131216594934,-0.06380390769791294,0.9376349316849322,-5.65044234016772,7.374752777301307,2.550193571578139,-2.6660698597617354,-2.825295167865742,0.7165241132150784,1
0.9522951986958512,-2.3795378432367524,-1.293047550306828,-7.423272295888283,-3.25653009491879,2.8186769234295275,1.6472259106142926,9.03608654668852,1.189400192906925,-1.0254530650637477,6.727817685471901,2.298309331618963,-0.4393908436274859,2.4109968176380434,0.7824943279427855,4.211033687848204,2.135755353986596,-0.17849852816074582,-2.614692319457296,-2.946820980631499,0
-6.427920316631386,-0.7233934052389579,5.805208199352563,2.370787088784878,-2.906706069453215,-3.0065761711417083,0.2205388083231013,8.941817915720986,-5.519815814890426,5.417875837640126,-6.479226153595146,-0.42461463673215827,-1.4396051667647745,1.352263997262757,-0.09409269140920751,-2.5769740209311163,-0.07191861541591069,-2.8046401419866602,-2.9435646509931175,1.0014459170448309,0
-3.882365623748772,8.862578797146021,3.5266171812626252,-5.329811935641771,4.4305103764217355,-4.2679394050866355,0.4665983083655435,-2.1016150931207855,-1.061548055807721,0.7251177406873741,-0.9959899517595656,-0.6195634704709434,0.37936458088746294,3.7718087310404993,1.245074008104965,6.495103907759994,1.335086672786617,0.9952803273146884,-4.086764849380265,0.3062690845505665,1
9.483627802248915,-0.7046531552046952,2.124789142393602,3.9436409970124053,-2.6025007981651838,-2.035171769376885,-0.20015809291493358,3.1473757023878255,3.380625567546209,6.991592585057914,-2.463040848994145,-0.27809313596421825,-5.468125969349186,-5.798842899370676,-2.0793569527032347,0.6677862981188464,8.617742808962207,-2.7767207956589504,1.6378218565492615,-3.768534372125452,1
7.813640133160824,-0.8260699041809593,6.216416345728924,1.9353978393927795,-3.958842507214189,-4.012484958185604,-0.027482942447723285,-5.57508254512433,-2.4638707824834576,5.633357728542096,2.3763588263583086,-2.8860026617722125,5.236528918613079,3.0481028904899214,-4.900590403998786,2.8563245155191206,2.4765542714563473,-0.5030108445999947,-3.9895079346886018,0.06368705651596379,0
1.2379872976257191,-4.7320484348956375,-7.095090757824908,6.971657318175394,2.023980186884116,2.5120675605050953,-1.6173279428394172,-3.3401299168156173,-4.784587229169271,-2.354521240281098,5.23942600974142,-1.779421486615345,-4.424866664082524,-4.725057556749276,4.682770430268967,3.946312605795701,2.104795733444553,0.37389179101750947,-3.4895287181128842,-3.1388853246919197,1
2.165741085308768,2.2335442369967264,-1.8544941042315264,3.5554925630660463,-5.849765561667971,-1.9993360459980902,-4.116398939376065,-1.5059613959682805,8.699714245195487,6.673567017591967,-6.127236000016395,-0.835497891908254,-4.962737424193435,-0.6088682240811573,-2.4880447029688653,3.1526534374601507,-6.194137954406939,-4.168479673696394,1.818986059685539,-1.8284541046292178,0
0.7567540781764578,-0.330625806419186,6.133051197559319,0.3005068654288634,-2.579309165528202,2.2470465224679095,-2.41143781801345,6.142158448177735,4.363726442153695,-4.084180608608333,4.779592627393478,-2.031476287684994,-3.6891548904457125,4.214546063966051,7.166756344805195,-1.0793837531144128,-5.870960805520916,4.145700067138036,5.031265595601874,2.528703832586615,1
1.168659150285869,-8.420957184019539,-3.363251896843799,2.9644177326631658,6.566970356738551,-1.8631642813768035,1.9796058551475333,3.825129223037134,-3.2647776043486623,-3.1453113566625683,-2.1423428909872806,2.3221541926003324,9.062564423000593,2.9317140673214794,1.7475948680354447,0.16246229592619385,0.2738857216674461,-2.7647303160701195,2.427421145985349,-5.674150942395405,0
-4.4314038839118695,4.131718058278114,2.0137125360571524,-0.347381618324037,2.8996026636332752,-0.919031845562484,6.329768477799105,0.8051168754234315,1.1439478314416949,5.907535578396763,1.5817694373367006,0.8598043087626541,-1.4090710026965856,-2.0914403780530018,3.4415713960612107,5.524993624985454,-0.3572091176386313,3.9915500823792276,0.9217107603982001,-5.23865829448161,0
8.86569346691593,7.175285607294481,-0.5422350402571154,-1.3857266380042064,-2.654605050536563,-3.558421208229293,-2.5399678487859436,-3.2607648361620925,2.150617998406699,-5.542785875806812,-4.501165742410805,7.280074045458171,5.05732858628509,2.4383492751236178,-0.06085659309219149,-4.704488916592696,2.8110089168868897,-1.1980272465430903,3.4154850452549597,0.299919257156887,1
1.8834275968453984,-2.467143321831709,-7.151318210445956,3.6562018731006267,-1.1399749417529894,2.551867427488747,-8.940913393498985,-6.8764637314422306,-2.832929481283129,0.37544256024276246,2.6958653813423887,1.9307864243496207,6.18248049880295,4.234293228305331,3.2659853783825046,0.7868284446147018,-0.15680162506368212,-2.7311381509965664,-1.117428261052151,2.037328231338147,0
9.041902501381854,7.56425743363253,-5.728059775640183,2.58425904272609,-2.8210839509584993,-1.8916073327077514,1.257704084791502,-2.014367057367946,1.3994878591506774,-5.889729987216734,-1.959228104382321,-0.7204510103123624,-2.592408746586182,-9.105616297071432,-1.1104987307092804,-5.446649595074343,2.2720252480989407,-0.7922947625522798,-1.163265988410757,5.20587674679239,0
-4.890448825263339,-4.0365003386894704,-2.799261199343355,1.9915569800730473,10.467041694390005,2.1545897306803696,-5.038602086809254,-5.660007736421074,2.890620179747119,4.4011889509174456,1.0810714010708355,-2.1680064845572318,-4.214210225746997,0.7613864111496678,2.155774564447638,-3.7824431581412865,2.700467053113351,-2.2145626405199765,0.832232679391062,2.080140330563486,1
-6.777814324531329,-0.24111302401741486,0.1921083875391611,-1.919165317584221,-4.032419629488318,3.1746589755324504,6.3765057898465365,-0.9982035975472888,5.940713887964476,-6.321740333507713,5.491150479991704,-0.6089853635078939,-6.348346074303455,3.5421560620447163,-2.1726797484886986,0.3614604204098587,5.629594916538766,0.2900865011828946,-0.3808299741855599,2.2153733547576397,1
-6.766249219938551,-1.2838339812094768,5.681674741443059,5.024805113056369,-5.631599512089444,-3.532791300507454,1.9514392084990135,1.675069695022668,-6.457053303858333,-2.4958296355629317,-6.700480046190215,-3.2218196279414824,-4.871898917019231,6.086503229099193,-3.2614123000185478,-1.8742663607607928,-3.213674654585341,-2.3357603563830724,0.8894123249559278,-4.482680425954649,0
-6.934091806502607,0.7234386060347865,2.2376825030548297,1.768987365344905,-4.2784710140568984,7.438262191980142,3.4150524263332747,4.11499584720395,1.0737651409014144,-5.183810052643826,7.710018502529686,-3.4213455810541022,-5.296927662364725,-5.229310999869622,-5.277359906017929,-3.438577983893904,-0.05956793767829346,-1.933749629194459,-3.8403653005257077,0.7844274263406134,1
7.754016872138782,9.202481554401656,-2.9734552630166213,-2.0680229272026645,-2.5185666126182116,-3.308706192602142,1.2836756006130927,-7.338301668903533,-4.831727141741915,-4.191414467145924,1.5939175068907354,-6.642875477847456,1.8189707351412872,0.9307759915416206,-1.7791137598573727,-2.1070881692041947,-0.27018464713589463,-0.8989211799420435,-3.363095233756151,-3.422695620826534,1
1.73648287811519,-3.833406767460763,3.1391863428106768,0.803849628070722,2.0936353595271773,-5.853889665648266,0.08387148334772149,0.30686240574993096,9.0390118713017,3.934491020984135,-6.185334201315202,3.043061887853918,-7.525173836201499,1.5190342502960648,-2.3150135522337187,3.354401488124913,-5.467102522015276,-0.517263722724929,-2.2623193243936073,-1.836257432118213,0
-5.4138957823476375,-4.734438718419417,-4.671744231470208,5.243354544952817,8.105240118487195,0.9309985800351674,-1.4735550269535964,-8.9443919365458,-0.21010065861717026,-2.004756894192746,2.3819252691512722,-3.0691335236638246,-6.561117920195052,0.20101543378988795,-1.100507488468541,-3.446053180537465,-0.7084517733120509,-3.83859370044844,3.6818580744520055,-0.5821428890334392,0
1.330342099483541,-9.461480627644026,-2.0160930064877167,-0.8750802557708367,-1.4966790026061914,-9.30057460340527,0.5254771299427269,-1.1565811158046198,-7.340987892613576,-0.7336453547338075,1.9206930229368873,2.5220071181540975,-6.640502720294581,-1.2783269484311242,-1.0121252348789547,0.05337883920837395,-3.935113878019821,-3.5473286490851574,1.4253598348301493,3.6298278499421968,1
7.618175696499782,1.4305116438732153,5.722937060967277,4.129427350130647,-1.3650096402035348,1.915990420991724,-0.01342666199446492,4.642713428079619,-3.833609636249915,-2.7318772148346673,-1.0280799385336765,9.589334445209445,2.2381507529069617,-0.8024064542116693,-2.6634494428180293,-5.01716191377621,-0.7685390663702988,5.548641618750546,-2.0160124322856436,0.40987880498164475,1
8.804522474945735,1.8556180472108967,-2.6633860336479014,3.5659380395868765,-8.717550876180194,-5.978662711416312,2.1950087341617865,-2.4064101638854405,-0.7024898818328449,-0.46755188241811974,-3.9537138793833253,3.1078317798529493,-5.7392043914065365,6.167319548118341,-4.46555696839496,-4.033182686075127,2.5960582334015907,-2.8266713755900708,-0.6127952239145059,-3.577549448821627,1
-3.953515483813395,3.036703578086265,1.6586807167127093,1.1356710819013693,1.3629964736844835,-0.4565170531577625,1.3625952561876946,-2.072521069406303,-2.8884057427445877,3.989386282355509,3.4694097440829204,0.7357680921353782,7.019086922377554,-2.849554902701986,-6.308287966542903,6.668282885286436,1.7276351734726134,4.517109568708373,1.9695717721738224,0.8948917222630278,0
-5.774821232844134,-0.5374826311113403,8.713818412060824,4.739632625959282,-5.884577186658435,-2.1791089163284223,-6.553553151069395,2.2292415327611925,1.60774765171106,0.5562487011228443,4.715738530842518,-2.0536807137110875,1.876065351924324,3.680425975434309,-7.750399741766527,-2.6473524636353685,0.6402100256951333,-0.34492705876782126,1.598007841739767,2.6127775467438425,0
-6.2716903109632955,1.0804478981552852,-4.415966991608287,-0.4878999838382394,-3.3766432415781593,-2.317666276421831,-2.2409509034570627,-3.3366901699205687,-3.458276871244334,2.2907656179742752,1.126937289444834,9.441832920428904,4.1614040698340276,-1.1100437057217427,1.2338884570694635,-3.2862967006571164,0.9617134548120216,2.9669703469244872,5.484070329011843,-1.6155894675633373,0
7.379795125163898,8.470511750385715,-3.729868541800399,0.5171662517840855,-2.2218787199193404,-2.9750325292984674,5.172093832866073,-5.035479537867042,-2.6470913547828827,-2.864898059505962,3.117201913756448,-5.9910884283241295,1.2650130103605925,-7.902499754851585,2.1419356436937558,-2.026301505272801,-2.1581803094606977,-0.5912796843598211,-3.169553611579806,6.130901546387628,0
1.007696951582401,-2.789161350267373,1.4415643176365367,-6.150651151837948,-3.5794773666216737,4.603957790642093,1.6597690578073347,3.529342704303998,7.884384415940175,-2.4231579960789507,5.185775321311127,-0.7760411293838994,-2.945084256572488,4.191878330904149,5.003450633234586,3.8726165038773406,2.5065590228070747,-0.169886651088547,-3.8404185326459683,0.9800140946417929,0
-4.11888928318217,4.24496111360765,-1.9811545603237781,2.508652807071169,7.352056902178587,-0.015321379280746505,3.6526891066004334,2.854511981300818,-3.5150003381079453,6.947221182711461,3.115584202859835,2.2173669555624396,1.5603848846294608,4.695944680512694,1.3332423775923232,5.897293597351484,0.15887552571694635,0.9633513848869091,-3.506457340652321,2.931043093967751,0
0.7238553738699184,-7.782474767759285,2.32163806092015,2.770498462413987,-5.4951809115667976,-5.512370493908782,-1.3195856522674403,-2.561010151307631,-1.3058667025150017,2.863247416482934,1.9993885961998465,5.741509430449111,-0.08710938099941312,-5.144939043061297,6.1702684464553705,3.877246148968373,2.343842084593365,1.8575617364136379,-0.9749829161968252,4.009375699234251,0
8.762138390912863,-2.6531388150799367,-0.405833218271057,-7.053655626304679,3.793017135809139,2.718107469821117,4.609599472660155,4.929865845430043,0.8283563391023079,1.2539625209204068,-2.0315811815312097,7.2399233544945885,-2.963510107509145,-0.03158927827596496,-4.919798907515248,-3.6289223810741573,2.377620600024025,-2.6312098508915933,0.34938065625446174,0.38177007227072934,1
8.993364518086846,0.5717780180376777,-3.360156251936935,9.609739027248253,2.640616288866442,4.026256372580809,1.3252262146054576,-4.054136030073829,1.95576671242973,-4.280490223807918,-0.189005642734567,-1.9666434862233801,-5.666049480844375,1.8361706175535883,-2.146379516452531,0.4898780401224933,6.818383089005632,-0.10613902418217147,1.3842821517202237,-2.667334936050342,1
-6.285589982769423,3.1452582170418424,-8.862915211918597,7.561663021079523,-1.043617095868429,-1.1911123044587901,4.836363305376052,2.4868692244494337,3.859530370231564,-2.995414842025967,7.441765649876645,0.5523172752480747,-1.8355956355080985,2.354676013305552,2.4850343134570756,-4.037779909478589,1.2362305360967356,-3.655954088496238,0.8279108753740432,-3.450869398709307,0
0.572465037116845,-3.4403732725932406,-4.012266539757369,0.5884689948144086,-2.7821594563520367,-2.3693180381082786,4.606521392081084,4.179625483289161,-6.970877641414409,-5.849013855926234,-2.953949253347049,-1.4044395226378084,0.1395600640791761,0.6105733595442379,0.8122862414885447,3.737472432297551,1.5369202945169433,5.623011391712164,-2.048979967085251,-1.1103226464535305,0
2.170597777400304,5.252704541977498,-5.718988096274998,-2.6187598212961185,-5.602876858385435,-4.1617108891186465,-4.926619251471255,-0.5206669465261775,1.0895363763886425,-10.209188173782918,4.984340854871943,-6.6552792499495155,0.4627920452631874,1.9368250753936331,-1.2557228425789493,0.5205487400074306,0.4793133085645453,-2.381282968273441,1.7746885521870617,-0.37303616108711835,0
-6.48037331956924,5.664190232397877,4.538442671827784,-2.0175232648218024,2.5225652460744117,-1.2818538490594484,-1.278444939802189,8.217612618383125,-5.881229931964677,-2.758676098134435,-6.85446938204481,-0.358268436309204,1.1072064914815611,-1.8465701449873961,3.0988043859241907,-2.200994409033414,2.7144669160663346,-0.8392835373355279,-0.3338086375280873,1.5151525730010758,1
-4.902911361256568,-2.506752449383092,3.3878258722094543,-3.7740907243169004,3.908142145183499,1.6593864604709738,10.102766332293932,-3.5222197985249872,3.0969927755163873,1.9435816652390074,2.8589998480644505,4.708063497933488,4.345687035952025,-3.989393329389779,-2.7029315849286966,1.745193463640223,-4.552126472163142,-2.9028268049686754,3.958101980458243,5.382258718419269,0
7.333845580139126,8.22227640496249,6.412303552916035,-2.2464477769558617,2.793621379417786,0.4719094292689914,-1.5365207625916004,3.3317970509318524,-8.058352677411111,0.5476747316863366,2.334263248965428,-4.2313089103208394,1.9772855772628064,-4.52957140106112,0.8875637610482623,-1.682532061766147,0.9326306058516134,-2.022717892651626,-0.6120267120769655,-3.2499627789092753,1
0.7789946180287142,-6.632071487697571,6.225588663577794,5.741782895104343,-6.03032154273693,-0.4994052068409309,-6.195708658605323,-1.255903496690586,-4.013286396360398,2.6598461642498235,2.527446601334046,1.0464274684566748,-0.15536267624664257,-8.52244108019758,3.252720512983495,-0.3119744427177099,-3.5026300452863404,-2.8688887255596844,-2.297962279062679,0.6099094207527547,1
-5.617800161314868,6.505775813175244,-7.60182876391085,-0.23769616398024906,-2.428920039225111,-3.8093636226618193,0.3106321461296745,0.13290466759563535,-4.766195805724506,-5.024606268885314,-5.203669089683813,-5.422181194127813,2.979324099094709,-4.935965150565177,-3.5291139696601914,-2.6665116185755675,3.3553166199718816,-0.03473093302600888,-0.8455745849436305,2.2306255118267417,1
-7.492567634447372,-2.318856176026742,7.406171223373424,-0.9170299872351511,-2.731353736336254,7.994821774010791,-0.8611153349288445,-5.731490801391329,-0.30195342292873456,-1.8278355208067034,0.46313971301545964,7.009848318889702,-1.6537643892902865,-0.5560432844361717,3.1110582917208154,-3.659604388163643,0.9801252732446089,-4.215620919713888,3.276423760218232,-2.0321572078779466,1
9.22083864004847,6.5785367291576105,-0.6723464198992838,1.5483534928972267,-2.5702550114765517,-0.5452774328681345,-3.673562287853096,-6.177588607643351,6.579144112928699,-4.2206995484352126,-3.6712862970979927,1.3807700894570665,4.501547701568541,-4.469642677851624,0.03277100708309699,-5.193063812468081,1.043262084963664,-0.002448169809843373,-6.697174718077014,-5.287976751837701,1
2.130059882812731,-4.953063190725958,-0.3770148825380175,-0.043502273630353416,-3.969351566662553,-3.700754840387627,-2.510916014827673,6.695293545279303,-3.718845252692911,5.697603496671898,-4.723439218513171,-6.0106523725218866,1.2651909324170374,-1.5178586625534187,-0.6303119122467,5.886627539504461,3.4723122475548345,0.48705877736637526,-2.4984611079529397,2.5261405658360676,0
0.6594798249596622,-2.2233775024517852,-2.3370929011571455,1.8684838779060624,-3.7859851853556465,-2.626265535470457,4.483343976185113,4.504507246830078,2.1193611638090397,-7.186640822345433,7.817239164542551,-0.9548445387948781,-3.91244643490605,-1.494876512537068,3.125916867144213,3.784707287860379,1.3661619305460522,5.4014303901773335,-2.0866372150208288,-0.024279272797189562,0
8.309266855504235,2.7577208934098043,-3.6802213646636095,-3.1880291051947554,-4.232224608380579,5.5648051229437465,5.513242875408432,2.653559704223822,4.878552497906689,2.952787353755346,-2.5897008021914036,6.728800265036918,-2.5587249184651792,-2.6322613094021428,2.492531375145412,-4.587602622752732,2.735051472649639,-2.4703834039168466,0.8870751558042462,1.4050744515399425,1
1.3410523350923365,2.5696497220611967,0.04877410765615122,-1.1737151894355073,1.2945027430001632,-0.04918777686668464,-2.4895800878322802,2.3691993120630572,3.3137225210462593,0.5772841166353934,-5.100517410626335,5.726994611442299,-4.346717398779621,5.31375164258626,-2.650383229245464,7.264948377144875,-0.8782076775355712,6.844434787226948,1.5897908503431681,1.8179721617206916,0
1.2798843408870169,-5.46079633232321,-0.6727231498131311,-0.8841018114573604,0.4698298678789523,-4.010251121939124,3.3234220549792797,0.1667670508948152,5.761488798712939,-9.105637375627644,6.054448856674792,-3.2350243942736565,-4.839671588878307,3.443557438664362,1.0114325666718247,-1.3224042833785008,-4.581675929141623,4.6126234882915185,3.0547014909672656,2.67334190950918,1
7.627254474749487,1.422879165118606,5.7573195045988,4.18227047544425,-1.426416279079993,1.9109232849129212,0.049857156157317034,4.596442157854169,-3.898256328769172,-2.894678731289538,-1.0490235272870547,9.583590550238712,2.175703293007153,-0.8695144200550614,-2.668106897154464,-4.212927988541601,-0.8284662997136055,3.5368051961338347,1.067240754654519,-3.9392693763387,1
-5.429822222722672,-3.9996480734555675,-7.0519439934118076,5.20425570269151,8.027043272284274,-0.6824833877370761,2.9165725017277557,1.6695464103350621,-4.899629710655677,-2.3360986934119197,-2.1407736869008893,-5.206953085948723,0.998576759764739,0.3438933296176112,-6.804390478844974,-2.4539593939392232,1.8463000382398838,-0.7239316263753136,-0.0023237740091544418,-2.5219015235739577,0
1.1834950077017843,-3.9630502688110765,2.050014350088934,5.994700497167621,1.5722695166149327,5.852606113895963,-10.275219449741122,-3.3382764320848053,-6.720173092541093,-2.4480440694021377,3.2709054586729462,1.6113888208579608,3.1319314355730454,3.4985416928798116,2.834681258943421,1.0066286187365012,-1.0171454411437968,-3.4242269773971867,2.058354402452623,0.766448284616124,0
1.3142300874155328,1.7917372485967094,-4.383082753014268,3.542439471460082,-0.6590559936908099,0.05802192871544885,-0.20726198201747648,1.831016020902175,-1.9093391617670437,-3.325626413159311,-1.5802466233448826,2.103433047325992,-4.912094282360666,-3.7386934645650713,-9.651599255820043,7.370226266228992,-0.6394664879729389,4.932538745751378,3.730583694625827,-2.6312393635108386,0
0.6384770316062169,-9.785457811148422,2.268414070532935,-4.809728424828218,0.1898257163355681,3.243862327939248,5.094510699320259,-2.3416573634890523,4.370337371741607,-5.117012185511019,-4.827069197598067,0.19816264609144685,5.204879217894632,1.1392137959998943,2.3361802776631886,0.5210993700914719,1.256747523317456,-1.9402293848435985,2.0037119583636165,-0.642054966039652,0
7.339541119173569,0.27322502928126524,6.632437952548201,0.4430236017657063,-2.432785381666821,-4.4677603149980465,4.969959639911734,-2.6809284256415333,1.4988762677115384,7.488299857670212,0.44551874509686373,-2.770558770604927,-3.267680121253945,3.86635917546554,4.915560439289562,2.0620259039051203,3.7726686679362262,1.6405558400391427,-1.3935514614050994,0.7282865701881401,0
-7.11323474115594,-3.126429959165573,8.225565484886364,7.1472503535081255,-4.7103218085336955,-2.5481856778936103,2.6927284929450837,3.7601099292669895,-1.1769684242918563,1.9868627008027202,-5.3441211543475875,1.4773931983199429,2.8088951943658746,-3.4696627204463515,1.7240021792192013,-4.0720527072112285,0.45245300898476093,-3.985500849825475,-1.8687429888042655,-1.5898234316138924,1
-5.249997049198974,5.3123547406682805,-2.7123669412865765,-2.7451758583915855,-1.7104210009095053,-2.543268261600117,-9.313209221297575,-8.95959739110549,-1.2076155597347549,-1.652005552217804,-0.8910168747080955,2.0732489117581627,5.076525421815353,-1.9898048370941441,-0.63066744459745,-3.528238994454158,3.6281743750306887,0.7083822200844452,-1.4461038900733227,-0.5117099668139289,0
1.4317155737550689,-2.0100032672941035,-5.968743152725896,-4.370136000948853,-5.547953089721501,7.007426773571167,2.079527475336549,3.4329632940012482,2.140067690230493,2.707812148856025,-4.2863225778758025,-4.9048013199918605,3.2233654345704004,-5.049450973028456,4.3444262084901295,0.3550859029225543,-0.5421400547502995,-1.6089081891413985,3.497194798958303,-0.02121074711813186,0
1.2162215032250974,-6.099585079575267,-5.137829214200649,4.70050303842409,4.99989926895074,-2.775429594669203,4.8928132585828275,4.364739365565791,2.8560943504361864,-7.390514558144062,8.88480648619336,-1.2816071044580815,-2.9897499987039238,1.4391409754343538,2.9682119489286647,-0.042109263468055935,-1.940445901645746,-2.7827768813758973,4.364723643290994,-2.2819511262304943,0
1.4963348713931608,-4.681189080713561,-1.6219648544071699,-0.527317768065136,-1.6413674270878837,0.2520541630584114,-6.361342598852612,-2.0804816215649167,-5.474268544474797,0.024952179508917663,3.564760358823896,3.46666298973765,4.076073303739105,-4.863058125066255,0.06462545040966763,5.2336498767536055,4.5928273856973085,5.008238636878569,5.229754655807535,0.8586536932506742,1
-4.077240678965688,8.741633093564808,1.9547393863422826,-4.763783947513712,4.771253735215626,-4.9363397478832125,2.4190818400266547,1.9104019575543272,-3.4195902598041013,2.0777037142502017,0.3625644065231603,1.2424160487593987,1.0912385105468694,-1.4861500311317313,1.2535601982998543,6.632641210421338,2.0113446191378577,-2.320932942150706,0.42236203736911787,-5.150266345203011,0
2.493967239972914,-7.247000204566458,1.0043462279128181,-0.5663107797649819,-0.5554207787353014,-6.172906089649361,-1.616253534412285,6.25759081075557,6.551558287376777,3.560012520308545,5.949287283883081,-6.0725550343949735,-2.6574842480928482,-4.17243045796339,-0.8392800796458786,-1.0534428382108278,-3.408910750947375,-4.781557544593561,5.197294015940021,-0.5821532136210956,1
-5.067942128669263,2.7484305914091354,-9.249990758903664,3.7635984889916143,2.37768195867797,2.3973747624731896,-1.790851633172656,4.4003974222478766,-2.0951272197962454,5.697788876219031,-4.093177911939905,-3.508555507663176,5.170406128690852,2.005076138529247,0.12206398194712764,-2.4248094651181558,2.0680677197789863,-4.027704827643937,-2.0983493601801637,-0.18176928664177483,0
-6.135594971617399,0.38023638854044084,-0.8297604642389467,7.414556210496087,2.964001413352964,4.980148956306071,-6.134430975154138,-4.341821542503127,-8.479023514804084,-2.7216943801861113,2.605580235879262,-1.3593224443769645,-5.77930706907907,4.056864819781108,-2.0737067254784707,-2.735373252804578,-3.5207396252715117,-3.316981121803619,-2.5405637105516563,3.3386303501765915,0
7.209713464692986,-1.9684488397751176,4.66550659765643,-2.883815562935129,4.165200980615438,-3.4995607663036976,4.393151327000677,-5.138820243642202,-1.4386706591071357,-0.1649768916990041,2.3940621877741446,2.147241857430826,6.120932434700071,5.539506498259922,-2.1660689238373836,-2.6855693717427425,-0.84790427067594,5.672340259096873,0.8641606640910932,-0.8380823200339844,1
-5.8216207781218365,0.5658089219719258,5.240514208072435,5.188396127152412,-6.420605007609929,-2.833036712182075,-3.544976177266114,2.429071957093641,-1.3375336136858407,-2.2920186315140034,4.98793147108283,-6.097543049669563,-6.078208782604625,4.222714274059322,-8.885766415699056,-3.441581013892397,-2.1870133430812126,-2.8074538390030206,0.6425295629895109,0.3884634315003357,0
7.025065388814002,2.0523773494188875,0.533087275948872,-2.2401855529987937,-5.597455844913039,6.636613423735233,4.732709951881317,-9.000402423251142,3.241930279861648,2.524902378407551,2.89227055623827,-1.829950078938785,7.150614818687096,-0.5307749416451821,-0.05434180217916018,-3.039077897495991,-0.997003524078497,-0.3568434016920494,0.7625116111906256,-0.9754253828093197,0
0.8367068713512269,-4.95811878192727,-3.2222151567577106,4.878182728138537,2.1039673808178643,0.30926270615890183,1.0074022090279644,4.4963872163020016,-4.473626883316624,-2.347127667914143,-1.9778237294549832,2.775158806819162,9.049802096382358,3.395705706959262,4.175867226845126,5.988380783131295,3.9614598290123375,-0.9216671831134068,-3.024587619935206,0.14067033345842195,1
8.085664974238275,5.8688872588310215,-1.8935461154229332,-2.836260723663056,-2.0460343348436907,0.8847714707786083,-0.2235988540622531,-3.52125327799199,-1.7663908571879814,5.920835377285833,1.404909220715492,-4.899754315020873,3.049648809600913,4.526263416084864,-0.2823081831642282,-2.8958465719283955,-3.2541132525193412,5.109189039380853,3.711322017146327,-2.250699700877388,0
8.363156884357245,-3.2580812096830556,-0.757334708670685,-4.321229297915272,1.0943289418862272,2.1455525515257543,6.296245163154822,-2.419835968881011,-0.020202063670667125,-6.478535977043546,-2.11421703157825,4.457174693520657,-6.054095859763511,4.608627331820863,-8.277744382537222,-4.371505613249124,-0.7463192120742511,-3.171515105033236,1.2900550909324129,-1.8837941683667438,1
1.4017399373231214,-4.924608736692503,4.13737689008123,0.7340127797605558,-7.176049130465218,-6.978425756429633,-2.893111906669176,2.216158193984394,3.1903110138474258,-1.5082373019342894,5.1417570221053985,1.570435086341757,2.9993578284507576,7.089675445572327,-1.0075062961468684,3.951856608398714,1.063983240943298,-2.49213651967118,-3.9594986313912144,2.4478965884446904,1
-3.7856359820193513,0.8063647948571405,-2.026254148148146,0.5196338271317313,11.847464060662489,-2.1570580276381466,4.628959071186376,2.2962402609995536,-2.3678359217079645,6.199210674896055,2.8297220070991216,1.7507928548556957,1.403841516531096,4.288848665504823,-1.0149911917765655,1.9151387737045984,-2.747795791860314,-1.8851557711145093,-1.0231777402981406,-3.5378511805096986,1
-6.301989176700959,-5.903587999359765,1.982085082470551,-5.881620550576281,2.120519466247024,2.0435277765182636,4.095842739248996,-1.854066588111413,1.3680027449941707,-2.612797014836697,-5.764093689465566,2.613425539674288,5.817915198550707,4.776875118509131,-5.31195195467404,-2.7770071977379427,0.6470414872086176,-2.258648479507689,4.242154647647278,2.5070659860355304,1
0.33849022548020696,-2.2338935669517554,-8.168531038904103,-3.8289339926898682,-7.956416232992964,2.630576038867745,6.8422003164839875,2.8336792459842854,-5.403745912261287,-4.6684816367917605,-3.541573682164368,-0.019347814540286445,1.743590694219686,0.9884026562590098,0.6065288740249588,0.2587474528891071,-3.388099276064553,-3.373191630934823,-1.3236099058949402,-3.961208490360074,1
7.979944862869925,-1.5276340890975355,2.492669483049238,-8.939469733099012,4.172288574533422,4.3926209441001465,3.429465144657432,-3.178235610190684,-0.9121362619283556,4.066549541302639,2.1764367307039336,-4.460845216021381,0.742371116271841,3.321415376402224,-5.215928967773945,-1.2666690575074244,-0.2877693625761236,-2.987006240584793,-0.9352320031483814,0.8525163207391564,0
-6.523562466278814,1.3635303582016873,-9.328286825658758,8.232714928924679,-0.14707935692731944,0.1567596018918992,7.078433156198223,0.5551630869260479,-1.056721660027116,-1.9855193210492343,-3.4755973211072035,-1.1239996557600311,0.366023859629963,0.9774735676047975,4.378673928557433,-4.018096371863534,0.8982961080311036,-3.044779320182788,7.335721413441568,2.7930524128191854,0
-6.446521476747369,-0.9590672572319863,-6.565549196805582,5.183203378786824,3.793935688086996,-0.7884995544141118,0.7125046054145827,-1.82417121429738,-8.052917197318106,-1.1485109506787845,3.6127977296616347,5.152030153233455,-4.6747059505748725,1.9956118678726797,0.5955816497420888,1.3929375712843721,4.958139406305374,1.9267270490750992,-3.8148131591481405,4.877849134932539,0
-5.771367353599501,6.3895739852930316,-2.384151418454874,-4.208956625531325,-0.17681041228981864,-3.026245146039225,-4.294429531212772,-6.081059076117867,2.7111887825387537,0.2798683254864902,-2.7635009821915273,2.172061458163419,-3.3468511982864113,-1.2085506222637754,9.126914568507825,-3.6666401564560607,1.7418381602480126,-0.619296876357071,1.2612600686463546,-2.1126340274623807,1
-6.1828987103759125,-3.866532687975549,2.2371759348304767,1.6449985953782307,-3.5895775881339427,-6.676702156875179,-2.2594283812115727,-2.020396604504302,-4.447420967027782,5.194713350792739,0.877611107569475,8.120889183621617,0.29395459621280906,-1.4870297553547063,-1.3785334151082513,1.8792459588403452,8.053992712819621,-2.895595496580143,-0.4584075240013889,1.196564466637286,1
9.567149479625105,4.809117099799781,-5.7227346458557165,-0.13875366940341666,-2.3010440175875724,1.2399281415498313,-2.312636692654229,3.422516058295506,0.21616749994163875,4.359925474765512,-1.9835634201868928,2.2831184777720814,0.3629556097522944,-1.9639434835803309,-3.7079498083208495,-5.18258146347399,2.6661186361214257,6.125348649258162,-2.1906694315863016,1.3393298266408025,1
5.830216697361433,1.1111207258563556,9.765608036343153,-2.783384574978862,-2.919231067003556,6.886380572625294,4.613392463832185,-2.578708489504603,-5.249075386541662,-1.3894485988783072,2.6228831541142896,3.6260838412534815,4.524850623297012,5.535704859837237,-0.7940698658785752,-1.2668026689327134,-3.005974451770791,-1.0108862284687516,2.966869606065365,-1.3132627754427124,1
1.6361013791151604,7.759552919339756,4.951661065182933,-0.6557144898682965,2.5322793855692876,2.0079682316941954,-9.27062626616654,3.1103645624377108,0.4578409636987591,-3.738287749477868,-5.778046936936473,0.22078184763168812,-3.529893570115894,-0.9866041395860294,-3.6950468643892567,4.86554038238279,-4.397790419024933,-3.6235282921282543,-1.4843833876289771,-8.685363353375108e-05,0
1.4614115765093845,-6.597719998804337,0.584406680354019,-3.3773786783526116,3.7459244426514076,-1.4994125608975435,2.078596591873634,1.4158380517441147,3.8735034819618956,-1.567372343027355,-6.110491287777916,-4.082943727359246,-0.18518960659900088,2.560221187364589,6.058314512527428,-0.387452348551094,-4.034861918686021,7.368432889726626,-4.4822498856584,-0.3210315010852514,0
1.6643813825660265,8.412993918986897,-7.846075346499131,0.9200063073144499,-2.2728165298970415,-3.229657086234321,-2.48171806369358,0.15784473973433227,-0.9202964923654271,-6.063306322910279,-3.500826637344658,1.5593505893468735,-1.8298625314042163,-6.147594638831178,-6.624171438759234,3.904903539173814,-3.8589424235698475,-3.3602020766778895,0.021311286815797227,2.332273421408412,1
0.9798328462551307,-1.242352089299951,-10.964910067569885,5.129215917225066,-1.8930602576885067,-0.6571277992454693,3.6894374406965444,3.5672912260481207,-6.314691536668242,-4.108364497935728,-2.471372008748165,-0.9531649337049877,3.065535793827073,4.609829371867544,4.265886884028783,0.5757694090743432,0.25092910341233743,-2.7765603674499415,2.670462148495855,4.961106924381428,1
-7.256799151125218,-2.2110893426498626,-2.22718856367938,-0.5590238526710447,-2.785352364663054,3.7598382907599173,10.456087413052469,0.916336387148323,-1.0585217929522224,-3.757848059526866,-3.7464456890075883,-0.4494871603204733,-2.861030095803394,-3.2249963215085695,-0.5279849954543608,1.1185866518143759,5.400706763909187,0.6725794490621159,0.13225558501940546,0.007650520925786261,0
1.9601127567094894,-6.531990126353651,1.8368735879882152,-0.4438821584296947,1.108504671350226,-1.3407270427305094,-2.850326362702608,-1.294347510118928,8.795874673350589,-5.033793624563015,6.539504269040403,-3.8204159569805647,4.063857524923149,-0.38451923878359373,-1.6096274585037582,-0.7617772881741012,-3.553015256892916,4.004333341404731,1.4100900558529528,-0.8586388924567789,1
-5.846083862885867,2.848769491974524,-6.002702545200708,-3.206325559407012,-1.607935521148164,-1.782810562691316,-2.6577689893933907,0.07794535613530548,-3.4540808000260332,5.685605788223301,0.08592205506270922,6.307571257992693,-1.521300066941857,0.06570139834038305,3.313034227027906,-4.097706868770686,0.26981433645035346,3.3932813174266347,1.1225147940541411,5.470464938766587,1
-5.716643445082226,-5.201171239659805,0.16189729220545068,1.7641846986442382,4.320226568509572,-0.9120540553860381,2.289186466860432,-0.45697989509736353,3.011081137985328,0.13382607996684814,-3.767512461673454,-2.528292748621781,6.509255259504091,-7.1185458137427595,-3.614277535536901,-4.099938629585475,0.3911392381908968,5.762942091196237,3.315283288773138,-3.574971636150842,1
0.6368434659980873,-0.42450015654790163,4.46537033032105,0.7815139814720284,-2.179944526126851,1.5854869855701161,-0.6679239353078552,10.204710200739962,2.311096250541084,-2.5482751865426447,6.330550889442488,-0.03664079311938569,-2.671064498609426,-1.0106592268708978,7.177423575784065,-0.8268037623052906,-2.692302599719439,4.029781625938103,1.534483430786448,1.7809564884678009,0
-5.408920390505116,2.327199763098269,-6.02586376395607,-0.47028325016509037,-1.4032262049929043,1.322370488002374,-3.984537717053227,-2.6293384927370864,1.1663352176044879,7.2252285677538515,0.826360785599628,0.3980937022168266,-2.071284302888807,-6.817748424250799,3.580413552921024,-5.250420736943916,0.7795846767979462,2.771215723031156,0.2825177229211687,2.458404459323528,0
1.513902857706491,3.9105434232844067,-5.28423821947991,-5.298095333836778,-2.1466939345531784,-4.38945282336149,-1.0755164265669617,5.831257629574276,-3.11611725551215,-2.5780466174720384,-6.375265264347924,-1.0183074527212947,5.162957553252042,-1.0312007804233279,7.329463836313729,0.05252347667975944,-1.2842731958460831,-2.6965751832192293,1.2351965539479912,0.10072576277743456,1
1.1191707619667854,-7.542284686685186,-1.829447753865578,-8.901622315252261,2.2587935445436886,2.067197083340378,4.60880075232424,6.705894763598722,-2.3064213575673618,-0.4326638794297328,-4.482304419116867,0.12479433118436684,1.7679939468756167,0.6165801767289794,0.466094490122489,0.9615721620701986,-0.966549500509544,-3.971986566930255,4.015856788638351,-1.3041051820391454,0
2.1398640691273263,4.60659454363519,-9.543108812649933,5.032289938787558,2.4776152512566294,2.935246452313985,-4.438796986729951,4.331008364785701,1.5831883846172934,4.578987846277171,-2.3161034210125946,3.4208068824439226,0.36165390805223285,0.7615020983206107,-3.1238346298447803,4.395120595629717,-2.574635833936181,-4.301935423151683,3.5751592884848638,0.16230242152044805,1
9.176640540087734,-2.2211636114139095,-0.8060905543087571,3.459448761442451,9.505601332490613,1.0794112052288705,1.746083480546097,-0.07916940370730147,6.2967840010751495,0.5586893825192112,-2.3638151735681063,3.0666678361038606,-4.002642474137934,5.128476114277199,2.5137375591614193,-5.260856064442336,2.475448616423544,1.1661446217336573,-1.5585700838054934,-0.2441407364075248,1
1.2098346334138381,-1.386811290588534,-9.595255684759088,3.187320123514549,-1.7712953205461917,-0.10149354569332258,-2.751947246955593,-5.409794041708491,-5.91118685800021,-3.7101913719687714,2.1603232537492962,2.4924340640177274,-2.8072929528868453,8.09397757694602,5.992473765899109,-0.11906995518366076,-2.6472572113983173,-3.58344178990616,3.4508722376678973,4.332427808181829,0
1.2112632121319704,-3.702288422594505,-2.23668116942984,3.7153216149164705,3.381506316610417,2.5296809917416145,0.856418545843682,2.10844236197432,2.0137196860371582,-0.6489094179832572,-4.470988936974748,-3.496293656146845,0.9126762928170536,6.175112823593868,10.13812730115155,4.675445920535255,1.8689946445297188,-0.3073399196285604,-4.575125838190409,0.6459586370789618,1
7.231702379526381,3.0366864679769576,0.6067655097504248,-4.228012756478437,5.641022596459152,-7.816392773245868,7.497403036937122,-1.5472015173964935,-6.893887742001527,-5.97874559874988,2.8303853437311934,-0.8558483831153354,-0.19489766442059464,-2.068042709717198,-1.398570462353489,-1.599939156137499,-0.5182806520128478,-0.6861559031413398,1.8783614724317972,2.009123260579878,1
8.585835231505854,1.6806842821060637,-4.442481980352396,4.261213166902866,-8.436740507321272,-6.717369788100045,4.144783251610325,1.4531876070574359,-2.9544079884572136,0.8730962065277827,-2.36997229673969,4.938779443294583,-4.731872697819322,0.9162051801801171,-4.595985261685195,-4.010864524227323,-1.8226006296629187,-1.940128286585716,1.5982159399190212,-3.1738526851162545,0
-7.534030629673228,-2.320695593526564,7.436783563356513,-0.9345842682724064,-2.7019760779129967,7.985269183407594,-0.8208308328760815,-5.701360414494637,-0.4018094356687615,-1.7548809565369525,0.4174468725527658,6.966170432205471,-1.7221097352963777,-0.47275652315663436,3.111580593155396,-2.825530532787055,1.9514893267926785,-0.45689895480821663,-0.03184805834042572,-2.8418587862738587,1
1.5115050156211838,-1.8477585684790632,-5.801451508987165,0.6762934208383418,-5.482511711478126,0.033134859006768075,-2.1170329615734795,1.7790200350765515,-2.5771480640875115,-0.39468103034043833,-3.1729489786498775,-1.6009573827155568,11.240997118181076,-2.495122760618475,-0.43559185845536175,-0.23109330836402261,-2.0795480019832167,5.923017668867977,0.45610134265731295,1.978340275038567,1
1.4138091227232197,-4.372339526121805,6.938893239188765,3.5694614120716355,-5.003708365797978,0.9710597164461836,-3.975333025763691,3.4461082057413366,-0.04503374644364787,2.863746970277648,-6.338513395836751,-9.286717958782909,-2.108792208359328,-0.11125442576992853,4.071101271675197,1.084023828458515,-1.7440032223869113,-0.5749045784218507,-1.2619133349464517,1.2124523093275958,1
7.082630780256615,3.1154083394718937,3.5726685885039364,7.088724353287535,5.234533204581402,6.430560541007463,1.9066028309557401,2.556099904257489,-4.008402458777683,5.012989761883347,4.967345869546343,-4.467795019504598,0.5895006393990396,-1.8748461501122233,5.018733240875126,-2.3105254426461967,-1.652172335813172,0.044434010804142006,-0.49349683230783414,2.7351420936372377,0
1.0366811803076887,-7.115380473839332,1.5858394765630355,0.6459930407020855,-5.452221432369413,-6.47903430438463,-3.4136517811222054,-0.7514441109284189,-5.638052071018292,2.8495427520675194,1.846215255998767,7.024650342089678,1.2726307326502044,-1.4091016088957469,2.4269877708293284,4.914739123742508,2.488137631015476,-2.0471903508849847,1.7831877573043737,0.790809814899571,1
1.7667372410678792,-7.969883848969969,-0.2180750294783484,-6.626212019054306,1.9906055541193264,5.800379890803363,1.4951902965632584,-0.1399496311069427,4.525912120151794,-0.6694643724483764,-5.086161469447619,-7.526434879042027,0.47213838278524756,-0.9115070442384676,0.7022658409027789,0.2403604198142587,-2.319044351764775,2.0337965996947025,-1.1376267501443678,2.4993326979896424,0
1.4879665365723977,5.127772112985525,-4.33179579301197,-1.2394642629187762,-2.2381119855032745,-0.4085875982553102,-2.709958809615144,1.0965003708088326,4.330422631980291,1.5330481697658964,-5.737916672211297,6.080245417619741,-2.2396418799089677,5.920045994130392,-1.4904691735672533,3.052325129381035,-6.851296342707357,1.9021922277439358,-0.3720678701901023,4.169666384377746,1
7.3211745461623465,3.2084090990019902,3.327792692710431,-3.434436479247889,1.1967841173850786,-0.8432478859477356,3.307285105870519,-1.3233344518327583,-2.9073844874278834,3.2966481242647427,1.5061478086985651,-0.5081036106517162,0.18572846387071645,7.141441173306193,2.1827572580045147,1.8588404240296985,3.1798718274603797,6.119264569056842,-0.3873329729962497,5.070282765554871,1
-6.378665802043475,0.8994659287286275,-3.4374479297721967,-5.826893107866939,-3.7867403014181273,5.173324873912105,0.17281907250150974,-6.001891248402657,3.537104569065719,4.171760276433974,-1.0561468022315688,4.2356311366071635,-4.239541847851386,1.3742748984980273,5.4932554244157235,-4.389181551567919,-0.27940499106335015,-1.3498739329632885,-5.162345177219832,0.48442967427968836,1
-5.136271822607629,4.476610133487299,7.3404986127325245,-4.867750184223352,0.21561164423301815,6.934655671704743,3.2820794664295625,0.5254376534228183,-3.1793890476557625,3.3023244448171516,0.4150426804291149,1.2466759719313993,-1.6914013113329793,6.213320524529857,-1.577611813808818,1.6864911159815046,-6.690928924274399,0.33319035660317514,-2.3933754235021625,0.9293730037191211,1
2.1745227649307184,-2.0003311807869926,-4.414421752337816,5.137827395940298,10.451341699458883,2.159686679726474,-1.344640334296551,3.306215269025337,6.298728929677811,2.8254387041826967,-1.7517720961706293,1.456372385622548,-3.0504348972849993,-3.826737280800265,-2.641071981213334,3.3547158088591695,-2.922262001720629,-2.43161892014236,2.197580878509092,-1.3680681909868344,0
-5.896249039328987,2.8212506576584646,-6.0927355053481556,-3.1449540463388406,-1.6035257348756182,-1.8136878593264916,-2.633740714338641,0.01946063625648542,-3.4665278373867965,5.756364154753826,0.14993335442264438,6.25232618093129,-1.4945606844562072,-0.018311042754421344,3.137968560252217,-5.3756149699836335,-0.7686411526749702,6.277679255577547,4.35897593003334,-3.472472072288796,0
8.183302455285347,3.414519952468325,-1.2598976501893127,-0.40808115467062445,-5.280689291185249,-4.4566046945332305,1.2037718306381953,0.7601889294114322,-3.7734733761709016,11.606078235368509,1.9626163275550474,-3.945825791234068,2.265747656984082,-0.3982308640125336,-1.4480556027802538,-2.4793474567062495,-2.0035386606337475,-1.967052986681756,-4.158878706396743,-0.7020752484179411,1
-6.55805608245133,5.780054394342576,8.160416865790642,-0.5364327739060557,-0.4299872921551,-2.489393835760165,-4.971204984944689,2.693642223549808,1.2345108221342418,-8.437602069649245,3.726112512662012,2.5963129788583226,3.794369375835696,3.5723410182365085,-0.8368880480941814,-3.9990527888274707,1.020168918033042,0.9520815911984982,-2.925533543903685,-3.6789292753307063,1
2.401682302934912,9.261279387855987,-4.08590611946407,-2.926500269833328,-0.3258511062128687,-1.2830442335508945,-7.815382072446649,-0.5034173875530892,4.216604854421963,-1.3255715421956915,-6.432280623271195,0.5983435118842927,-0.6725828897250239,-0.16998968454960495,-3.2407676656378976,4.011926765185713,-3.46323476172955,-3.8877981381287525,2.175189026091094,3.649925076669417,1
9.402108935391267,3.5504431184286167,-3.7860068856848828,-4.912911938878162,-4.470539452615106,7.2538835887218,-1.5643654112678664,-0.8621371959923478,2.8697280828074376,2.6776805346282373,-3.344048346174092,1.5391393850389685,-1.094762533237053,3.1071481115598036,-5.119919321461958,-3.1740522030536686,2.2165434622414395,-0.7498974941790466,1.9854052150806552,6.947009054473589,1
8.893077803793512,2.367283004579401,3.2360362465914596,8.43763955074132,4.43599249077423,8.234937435079601,-4.013532206002564,1.7491408333445855,2.344621459453043,0.9677557579230396,-1.6218105212929073,-1.1819903335985833,-4.1673538546238635,2.177876451061479,1.8963580450861062,-4.281216904197353,0.7719600116876242,1.8411376371599375,-4.46745241555169,1.0121309029741468,1
2.315994558203589,2.7570069661567205,1.5747440100365266,-3.6788757624355792,0.11228569387059195,-1.5622767823183237,-6.033241723229976,2.256513601881373,7.283550389947219,-5.196256498096533,4.2518477074801035,-7.348587390473081,-1.0175739483259778,-1.636054792495413,4.878409094073183,5.257691741890032,3.5929388312286124,-0.9223742862267825,1.3073844750752985,-0.6455309621949531,1
-6.1840712767396555,1.2478663283894709,7.43053592164391,4.706832684711875,-2.247575262028062,3.5802299734991423,-4.240452727060292,0.44102639839699287,5.885686794695875,-3.6048506369036115,5.620612787495325,-2.2945787967980897,2.123627651336225,-0.19165632892786816,-2.261217141827829,-2.9830108316753794,0.4503905688766724,1.960795386036184,3.274385371827368,-0.5398601301267674,1
0.7608619967506811,-6.464623981521898,-0.29993045928649653,-1.2557657679705851,-3.9498659821845985,6.685493311857568,2.9341401426618647,0.8930881724695366,1.037616071523638,-1.9712467472010275,-2.3021532801570954,-2.0632884730399508,7.12784028716623,-6.939402350509457,0.8073498526280878,5.232832639847355,2.427062138796954,-0.07229158255838775,1.159103447413064,-0.9645850488403174,1
6.910348262215621,-4.030865722368677,2.640176123511269,2.2931875426098167,0.1738516367030969,-8.58061311008046,11.15896604380895,-2.6041722605816338,-2.3421859641166574,2.268389374839047,3.2699690875522336,-2.3198952910747552,-4.242872411528378,-2.6175509365023037,-0.8851181945984385,-3.47780784746293,-4.727091645255602,-1.174093090703482,-6.417353037213006,-0.5753841238546151,0
-6.470812660198556,-3.225805725544091,0.37690075040752535,-0.21737453854867272,-2.123607908415451,6.477775267089051,4.153491421339312,-0.4064273292258399,2.1374786459196864,0.3059523428281515,-3.3017159576689945,-0.9243519680787678,6.047862491440254,-6.955945149846606,-3.0206321335715867,1.6105553263323622,7.938911513113989,-1.0424767100089853,0.4969837648546125,-1.5012184047407782,0
7.389857572446571,0.7244884597157946,4.056078531234519,-0.8714977412066774,-2.1667495428991583,-6.213724291243481,4.941866443803732,2.8509889225457696,-5.1751026004602565,8.655110756917491,1.9494803301701542,0.37452002813491503,-0.9238343962677237,2.2330547046388607,0.8370852129036057,2.420112157322376,3.903812247571543,-0.7807481195513863,1.407230342683041,1.5931968684702253,0
2.071079118748953,-5.707904853469611,-2.18220130919432,-8.67834517748387,1.3759152261484273,2.7609138174937184,-0.7538714737863694,7.3932538963377326,2.6869753918380703,-0.5302707157492675,7.208248230526906,-2.7197119230711384,0.40646798748380103,-1.133567992622906,-5.0736999991834635,-0.08579266052807741,-3.065371052856858,-3.7758900383521343,-0.9036107037590764,-1.356972006865585,1
1.0092653339815054,-2.812946654407998,1.5199041411072267,-6.041154425153842,-3.7093589733325336,4.583733492579487,1.8211230110194152,3.4357734200183545,7.7240002657998,-2.7675997722194023,5.13138556196604,-0.7771646997407604,-3.139941540221989,4.198834150224021,4.894168776886843,4.684551111924188,1.8179441046423963,-1.1195676818756735,3.920943814445573,3.9450123313556285,1
0.7395702965379457,-3.449114591454757,4.610399859514293,-2.5155343667025174,-3.0859537387826363,10.925804898437388,-1.1112563748799518,2.905978454239224,0.4564481287697089,-1.1732057791061847,-5.0891137796602575,-7.242636217525233,-0.5114306952709433,-0.7930949334503243,3.7348859584651177,0.15386006580004713,-2.5479809981301833,-0.5689501611036005,-1.3672908523272893,4.923664444084363,1
-4.960477792901319,-1.9548611289904891,1.3888633687621985,-0.7149115488081841,-2.1192481608884113,-3.471094917082283,-7.628441679528827,-3.860760832858264,-2.2170957186521774,8.284272264648914,-0.8345930733672315,-1.4656942929081012,-5.389271344431097,1.8208194291213107,-3.029024472372681,1.431004839775459,5.200341988237385,0.8588275231279605,-6.494036127456342,-0.6031836295329874,0
1.5778458071493358,-10.085208863711216,3.5696761135525716,-0.7828545385237475,-1.6387617869692432,-7.732795055565449,0.021430736268098105,-0.07576595624708188,-0.2397209987340566,-0.8517427414912109,-5.977672162991546,-0.555734928287306,5.408328883193002,5.3653653309648615,-1.1928730244309986,1.218853624195021,-3.038489452955686,-1.2289868661167143,0.7205509337794794,-2.3502657553283353,1
6.938030903429689,2.9134326420993606,7.385650754428759,-4.533954465855768,-1.1973389987142933,9.442255881625819,1.1854176490762747,-0.41759724783469876,-5.303158442389807,2.78775040502336,2.254129620487994,-4.126562839771555,-0.43414436847819804,3.4645134914984803,-2.434319730578218,-1.210787904483563,-1.0509246951112605,-4.5665395650912775,2.0149136405914865,-1.9050825660695248,0
-4.876201253762743,0.7502219071573379,1.3995903874018711,-3.9947837982501753,7.490724813909919,-2.6185481349123623,-1.8319912109164784,-1.525425803984788,4.920415968698539,-2.088181909563849,-7.6784253762052685,-8.428010018682905,0.5015635179424835,-3.5638009360334344,0.43597731072213053,-3.1531433599445284,3.8508151353656856,-0.3802287268816658,-1.5389198831481572,-3.7930583609065662,1
9.279308609279902,-4.050657280303234,-1.8061050934723428,7.5796637704127825,8.18765706332224,1.8838898149168322,0.7783771184734215,-0.6941523984527797,4.29832572341999,-0.24329227872378967,0.908560687045582,3.5368703739594487,3.6315205981115724,-4.453999136019349,-3.2183073019716026,-4.15638192616419,2.220691447964042,-0.8394051214133239,1.4639363467711426,-3.728862615625523,0
-4.061204786474786,6.3275107088058125,-3.6191121723921857,3.866746334517066,3.4160607307326893,1.3585453439396078,3.725329660746386,-4.03164147658749,3.8406874311328325,6.341274496298059,0.8205313543138637,-0.6557454671328922,0.8257111025819563,7.003801334030113,6.488519034850843,1.0545369172922374,-5.215508145011811,-1.4705726672058101,-2.535318873586285,-3.483963352036937,0
8.22743909591632,5.38126687081084,-4.7189364392525555,2.091125204320759,2.201443615205024,2.8273340564876572,-0.659939515717876,-3.2094717183188957,-2.3104913557576365,6.377778322751038,2.8081878943652283,-4.766943146763662,4.086388029905021,7.813651494109616,1.629119346670748,-1.8232482968663,0.8526472967453852,-0.8109438435929001,-0.4418713528631644,-4.072238836450231,0
-5.274417028805043,-5.412901964013555,2.2470441780212256,-3.6629749631045483,2.364908935721606,-7.601038594017806,-3.5979689378606214,-3.1076312609107966,-1.0804142838960529,6.610841689874993,-1.9014951224323648,2.6033945438717003,-6.444547690247593,4.577379716577816,-1.5541667269356798,-3.795674811555689,0.15995489608282204,-0.05938086454914657,-2.9314091391465182,-3.093268442662847,1
-5.004693229694977,-5.6119441866035,4.785845966038955,2.409613313428922,-0.6029284175235208,-6.202541572141251,-2.134608323920969,-2.238070583519047,10.144847009868318,1.6423079208042455,4.616539564370115,-3.6759621162693716,1.368773970491408,-0.10645785155564884,-6.626563767589884,-3.8680083282448305,0.5199822734500437,-1.58455090391451,-3.590747241833743,-2.8379654588399887,0
-3.3093655726725855,4.727792861668533,1.694162762397173,-3.8827728844975837,9.389685757757512,-4.059796774824577,2.0746806763836654,-1.531150353480424,2.4352140770871884,2.77808813248534,1.0544893108258688,-5.115116011076213,0.7129594771997934,-8.760457350473443,-0.9077308741962935,0.7260637083543129,-5.433150575093136,1.9762483547620222,-7.113499881360906,1.76348555717775,1
-5.542254048407031,4.4542408598693815,-7.888337488240049,2.287063161639777,1.3733996064157576,-0.9854676323638063,-0.7529629454623039,7.489104119211305,2.5892375696146743,3.47804209701902,6.120224411587749,2.72398123271235,1.980549660652151,6.607268071848997,1.9289572052534723,-4.016570070157871,1.2097866349784805,-0.4314538817756841,-4.877468541794416,1.1378264146402088,1
2.303584746987761,-0.3503923820861646,-8.111446956884466,2.112041195234168,0.22677045440666932,3.3222687437578027,-4.7905178666281465,1.7748968904342184,-1.1598408141742775,1.9934930816113963,-4.728024402811252,-6.589263877559958,5.010914405109011,7.33314729026468,3.9949310160100624,1.312744493063355,0.1954774888665763,-0.8020170346645461,0.5111333420220256,-2.7885573684904736,1
0.8915062737118593,0.34343694912717926,-4.565991475287406,-0.5805635601227195,-2.3773408243056524,5.297090599763062,2.241173468423173,1.4298078962968672,-1.162887062286416,-3.159269028038779,-1.0881485039402161,3.287885342506199,-4.758066899096832,-4.116597214158469,-11.457804352492904,8.191007889008798,-0.9624551876931893,-0.41277906671305703,-6.064069981881678,7.096087367082105,1
0.9715613788370869,-7.154897494659254,1.3424258358555643,0.6975243636570501,-5.389552876311878,-6.533002448715149,-3.4807198475236723,-0.8244741749404874,-5.50417685005549,3.1002388897440887,2.030978832257392,7.040786287675054,1.6081664703819807,-1.5147748207030882,2.2854021214701428,4.812762593297726,1.7784022131935462,1.2711327769478478,-6.729976375351267,3.156966272748229,1
-4.688108605390906,-1.9699654565154079,-1.8171351479626336,2.6794673455736415,9.034067484692605,0.9699748878187514,-2.571532776227461,1.3027003063515108,9.376431099183748,1.3144325624629989,5.782315259929895,-5.8077878859344185,-1.7192485362931291,4.040301654868869,-1.2081582954005965,-3.3617727821953816,0.7737092647224748,-1.1602241452913313,-3.324321364701699,0.5245892409299121,0
-4.453306953930137,9.966520577101535,8.479939715296833,-3.185973530053507,3.700024711923777,-1.2729859551164222,-1.1011274862244327,0.3535064787365434,-4.01956455303844,-0.9764889128946956,-1.259308761149081,-0.6853231636639525,-0.8208292901313842,3.6674538528587037,2.00510566467656,3.1451639832578064,-4.26179181774545,-2.850961865004209,4.464908299973376,1.1870866376908815,1
-6.486150606566457,5.774056316809614,8.188094975880407,-0.45629848252977934,-0.5552900278695942,-2.515937735984215,-4.925167045319196,2.5876062894425815,1.266524890063411,-8.758707021884877,3.792186458184767,2.688164512367564,3.818423070898553,3.604838949893224,-0.9477968293534262,-2.23426914860129,2.978790369977958,-0.8533610432606638,-7.001449846095136,2.7966773207876865,1
7.56027307682573,5.301811236480544,-3.888473022727415,1.3208037092637066,2.04641860894848,0.7673453982926697,2.5616960543382374,-2.1347505645956213,-2.4180137207406016,5.089539771454363,2.140107755254667,-0.13982445289167386,3.2673841461906874,10.998591986193471,5.309951348778252,-1.857376933233719,-0.6577308218762372,0.2534272205775726,-2.3291217832497204,2.1362102087598034,1
-5.183276584581607,0.4120112528308695,0.5157623769572046,4.266882703883338,-8.585583543527594,-4.388430018113424,-3.354794127733978,-2.859368088719208,10.041979385527952,3.3866054865730812,4.164321916340638,-2.8314559371788315,3.47109475227328,0.9116225108566319,-3.1806357206077838,-4.821583299526514,-0.010803201281397168,-1.531009102316533,2.854871090367455,1.306443007712319,1
7.178483951504884,9.057051279470034,-0.9816065729546202,-3.41671137164163,-0.07986156877470374,-3.8234618296495455,4.992761206813445,-0.7056748250052423,0.13105916158660613,2.0945019724333593,1.099263864324862,-0.5221830014115963,2.6084641654081677,-4.114409169932756,8.994376200821451,-3.5085056964201167,-1.2747329846580036,0.08329927006430032,-1.4961395404780906,-0.48484678108172874,1
1.2560214028313927,-7.417279542136751,-0.2949758157922807,-9.539987053287497,2.0290299844888033,2.748405742963951,2.6187853347940333,2.7746499491975243,0.04394047912872151,-1.5092019752566719,-5.8792467028531075,-1.7550107337941152,1.0256182377041838,5.9006342931059805,0.4372274226114925,0.6564417632586604,-2.395873336762118,1.7286423414396452,-0.8682160424357324,4.170606765547444,0
7.1315701186681775,6.624899570886423,9.62163784763014,-0.2650693244324962,0.8078154639532062,0.6616058286204405,-3.210514618211002,-3.943701226739451,-5.603799285591703,-3.9742424902281526,1.9712890063531199,-2.9012828746138224,7.009753147416639,-0.4083719056461954,-1.0892222248178292,-1.309602924439087,0.9796573149410797,-1.289882746910587,-3.4348309552722682,-1.1090164345738267,0
6.759800626567218,2.50678337782891,1.2768472564120286,-0.2362143497560695,-1.0496167282702467,-2.08796608774876,6.737566701576192,-4.576805754280008,-5.840497346764995,-2.7582146028425694,2.926723786616482,-1.4012866779238533,-1.916251399055613,6.54671705202767,-1.202394175343226,2.3159162698394864,1.6579992196023348,5.35654950097857,-1.7120420532133434,-1.4698450154911211,1
9.554367626571768,-1.8367272061293451,-0.4506680105190567,0.11110028359196841,5.516685907842746,0.4491939286058519,1.0680412319004597,2.238182131175823,4.562100696169812,2.1904729677434904,-1.5433300194425912,0.25691339859400586,-3.4280155820624936,-6.539477227484591,-3.2085423683557677,-5.8794782791799385,-0.5542906911536205,3.4611442498809253,4.280002319781709,0.5200084921658908,0
8.061147825331906,0.35303755050958285,5.878390114767884,1.2743102343529096,-2.3834054238983047,-2.403251443756768,1.815703258595386,-3.8255968483699654,1.5717777947438316,8.488223384422819,1.0634104626276513,-7.358891105732864,-2.5357201045969466,0.7177280401791065,1.2487833461542275,2.652696572428627,3.506198060740643,-1.8941815567289777,4.530444050763663,1.2448315468452174,0
8.924632808486834,0.5361131828766121,-3.5656779812228105,9.65126826188693,2.7051090390891765,3.982161269321689,1.2756231608359974,-4.1005641525776975,2.041781840937531,-4.017620766573547,-0.049156962425409345,-2.000422346074344,-5.432873195483375,1.7256696197256525,-2.2523887220902563,0.4394806201206964,3.3525814167929244,0.8980294861534497,-3.9340015863524718,3.5514726999955633,1
2.6930226012730074,-8.54395807350495,0.6738799647577651,-3.994549386708165,0.7495990703676871,-5.315962125405432,-8.213146541508248,-2.8431660882318956,-1.846731906125393,5.773670678218908,-0.17791047883395,-3.075638845374473,-4.310579508234449,1.3987223057043816,-1.3105615835609918,0.22719248637717673,-0.8859841188246612,0.5670157033706363,-2.1995233506260217,3.3519126353755597,0
8.333231417885962,-2.592711614112011,4.314740002115976,5.937887987746285,-4.4847803860895485,-4.685556587964972,3.3858619652621345,0.7282536080605357,3.375439304636232,2.476017232539202,-1.8653729787890265,7.532987795314929,-0.19641551914560684,-3.847882620920349,-0.708970464894692,0.5667761608986022,7.642561525075723,-1.108701953253569,-1.898453902139041,1.351955498915948,1
-6.707752461363219,-2.399823217019671,8.925261581548776,4.583089718112916,-5.034910120003779,-2.9041409520135533,-1.227731794861523,1.4539341693761891,-3.249413524418317,0.6072163275115097,-6.758557744874089,0.8476168300403475,3.522232169428649,5.445426216765448,-2.286395066764626,-2.01743227060851,0.44561252811244434,0.6930135977811671,0.14796028603536981,2.9783845212687723,0
1.1596317225958992,-1.5717730699534753,3.92808625068275,3.5669392317580413,-4.192879660562546,-5.295921438775483,-2.352222678912522,-0.9493571391971315,3.3387599073230314,1.103513438268406,-4.976637723677676,7.931739451238466,-0.43435096112234917,4.390345882761698,-6.196491516526872,8.804908379654272,1.1726480830504322,-1.8656701781776088,-0.361663280981502,0.10907984015838515,0
-7.338645295826151,-1.738327179810071,6.308124052774239,-2.9083612257940246,-2.6145552297253105,6.9213344583889755,-2.9519585939600708,-4.078666185123022,-4.5572777781378235,-1.4755345265456936,0.5365342935463036,8.193039375209926,0.054663813944699755,2.9730832679072514,-0.9148573444545889,-2.683133301144311,1.0545010942217892,-0.5861001474349543,-2.179256192591394,0.7786675278777894,0
-7.790131395937593,-2.1989523309883965,5.993295214965011,1.047483166605553,-2.823333837675133,7.4143253010411385,5.635188667201769,3.2408221865869318,-0.795735910757331,-2.1237855387501003,-4.151718083322222,3.5329290811286542,4.243784407847713,-3.998069467923176,1.4008609951529336,-3.036406278960066,0.7733323359131588,0.19633862750906383,-2.51899976758093,-1.9554053464914203,1
-5.32092335294596,7.6649042054605205,6.048069645706223,-2.44234190911478,1.2902347229257416,0.1430609782726704,-8.480803247818518,4.99134835126411,1.2112999021688378,-4.364442041404736,3.1591255159806932,-5.115706642750322,-1.4968498702609814,1.718300990472101,-2.304502856246534,-3.194075069413599,1.0521715578163515,-2.435573014592921,5.575217378787885,-2.4044698538871696,0
1.5063215606481757,1.2301369400260374,-3.06202787287178,-2.2500276845079155,-5.121857092771164,-0.9848120932627336,-1.3364067138700346,2.821898284913121,8.507723057807974,-0.8140509016209482,4.192259129756634,-1.6680752978063556,-0.5430316862690772,4.979009993486372,7.7525743846392094,-1.5758649281084733,-4.5089090695655,6.683804116202958,-2.2311385424999846,-3.8886222454775834,0
8.45265919275279,-2.4611546800421227,5.898193626351276,5.288960518918534,-4.701606709987846,-3.9847032337465813,1.4181636446584918,-3.177154016513555,5.671407142291868,1.4334687197311673,-3.363475073175575,5.5601932295883945,-1.1010720320951033,1.3432735774118965,-0.6344806050799012,-1.0871437989442496,4.949725796128505,0.9566341079377525,-3.8938855617317065,1.9176925465948291,1
9.327898156518334,2.7625528146453204,0.45011148996446665,-5.246362193256835,7.297983311765494,-5.563301220125396,0.23582290799190941,4.623035418124942,0.034480367103999474,-2.8169273760778513,-3.51739404304061,5.265971570062563,-1.8108662774992212,-2.691364559334987,-1.5441510510462768,-4.327374862068208,0.1502986255188452,-3.4639416567426777,-0.7071103146213641,-1.5770272461498662,1
2.39215613577824,-6.211683136934238,-1.611088251682194,-5.892487964347097,4.373046366311282,-0.6476020184813914,-7.7637467981309065,-3.0954537239311604,-2.090985810781249,1.5833179023426476,0.734809260104365,-2.119697975112406,-2.6721646962335575,1.148941167154434,-0.1044059349492625,-1.0974638336652125,-2.9462383998065604,9.212419197328288,1.7620527461368145,5.364505844121822,0
1.9475555981900077,-3.886579837896833,-3.316331355203841,3.126571364898074,3.9820511517536707,4.4595252574807125,-6.921672584542372,-3.9794410508259546,0.28788414940535345,2.3982535085214067,2.2538409925317913,-2.8392371362013513,-3.3641074431247375,1.1845651565975017,8.127634704857961,4.004987789025579,5.381328378468451,1.6547705481133756,-2.9400848080917457,-4.2185244669189625,1
7.005069404321999,4.341058985934332,-1.1060840322157435,-7.70825466365249,-3.988983723502857,4.073016894309305,5.565426715426639,-2.8208127548790203,-1.282393219962353,4.581854646192971,1.188651256788178,0.9223436236491237,2.1175694209200535,7.446693974291248,1.641160517512823,-2.4960559918227774,-2.8746977190216985,1.8103887177099112,-6.812705106323967,-1.0732359266004872,0
1.8072142188462115,-0.9055124990547176,-6.533673316870091,-1.496919012631792,-3.2776852664992244,1.5400850962731636,-5.0672981641291095,-1.334132305139768,-0.1682982051442876,4.762861340682634,1.6337685155559445,-0.7593749082517327,-1.3317377083286353,-6.745538477391696,7.441808656493418,-1.1437899681546329,-2.6415876419224804,5.433289756727729,1.5860206631432985,-2.131451370017672,0
-4.782919389312158,5.277897030529107,2.877925010893422,4.828471321924422,6.531910837307164,2.9033583197332113,2.2718627487019765,5.1042566887984115,-6.629335192044996,5.063839961529341,2.9161910600379635,2.098295196621778,0.32161248844275203,4.472404498669292,1.9605682150956405,2.527606113712328,-1.9700572662399638,0.21281423894340537,-0.7171284128718101,0.36741011145850144,1
-6.636974785223529,-0.6123501098453333,-0.4931846689192153,2.889471571558463,-1.2981336553190364,-0.7812027482497037,5.9408835297635285,-2.579709593236961,0.6341459556043512,-5.023574029510719,-5.630367706158436,-3.43805317789793,-3.6549568218734976,2.3909030196391203,1.2494895624231432,0.8601962677106132,3.297661566785779,4.899334820034402,2.5232199409870617,-0.05048083543027895,1
0.7781651407077086,-1.312326354629199,-0.09330632672081766,0.8435665730164112,-1.7996038301595338,7.058856962552593,1.1150712697442713,-0.30653439865342835,6.2424325305320245,-0.18381361207557,-1.4302985739752345,6.041699312109358,1.6091892785802195,-8.279097576798355,-6.193017434092896,7.18449414262505,1.0887927631827257,-2.3087267405190297,-3.2253069425749192,0.1280142021708448,1
-5.6647910388872855,-4.870242619682797,-1.3352887930635757,-5.014690801438244,4.210706390173331,4.892575289064604,4.519643243204382,2.554553792044886,3.501999252614615,3.2319045292142574,-4.521531751560716,-4.559333819140466,0.4972659041641311,-6.218088323174924,-3.210005400994546,-3.2009633602925263,0.4537530227358577,-0.7215220069171829,-2.559317541765789,1.436079137633657,0
1.2092402956217945,0.4273633314792211,-0.3014022886033212,-4.402283079964782,1.6357176440416137,-3.1951160823024933,-3.2358436224317324,0.21477852784429413,-1.7130430024698666,-2.169559935272213,0.4274829960283273,2.7227679347651583,-3.430128912651959,-7.037940242876141,11.709022280109608,4.894046781375576,3.3264434455234126,-0.26166447753819616,0.7045625086277598,6.134078018783007,1
1.7366120655526602,-2.346090038062295,-2.1495943506718613,-1.4669657775145972,-8.002252022486092,-5.41981718485052,-1.2788589338059193,2.5772263090919814,-0.7942640150825063,3.930855699162944,-7.652988273187933,-3.032573984930899,1.340091383396887,7.568728921405466,4.21436959590928,1.1175710966741006,-1.7710918466151484,-1.2098607974923603,1.184887172395543,-0.9731350171631685,0
1.5325028124106228,-4.3144085332148805,0.35502181087632845,0.3034297368227663,-2.4596549837259243,1.0502983159041115,-3.540001122006684,-1.090144883832219,-1.6418916519486721,-3.212766727383998,-4.064678345181078,-3.798076087055443,8.043492824600435,2.1886422411610646,-1.5497381401808865,5.542875675478648,5.07336063934598,6.6757012857649425,-1.0064009104609661,0.4037942480839023,1
-6.416353945827643,-5.303387705366925,0.9512012175662823,1.047573537747714,4.143207910824001,-2.999263896154819,5.560463007757315,0.5651439749922782,2.8564616237324327,-1.1963297438137714,-4.376556090919438,2.066194870554879,5.682539316822298,-3.974971916038455,-0.0607895417834759,-3.4921668840322777,-0.005340841295409904,6.646952028708978,0.27743028200887027,0.6832290087391938,0
0.6838172451700322,-3.609938940379719,-2.2101157424447626,9.0405395544121,1.3770029791199931,5.52651021441928,-3.336600552721857,-0.8271008614180324,-7.566772199960101,-3.8341194673406243,5.043329550074866,-1.8687823326612993,-5.466749698820179,-4.852122848038825,5.619655415853756,-0.4684027747567091,-4.379195310120936,-2.8317780499256258,0.74426481370348,0.7632160817663471,1
0.5481882062723743,-8.273720518065863,-4.063020542980527,-5.648129686983464,0.02330998210692492,0.7870065919022684,7.968696433370961,3.371341959328639,-5.072127489430613,-6.384225752634769,-2.8863928315351663,-0.7423878869037486,-0.03566963269582493,-0.047276472276919806,-2.991160550023204,-0.022945090041722183,-4.691475350341793,-2.5439673177227013,-3.929572511609804,-0.07796042408386199,0
7.897980792454309,-1.9017143358776152,3.9220047196820564,-2.029810847651737,4.200080536568198,-1.4551764044227613,1.29310922618144,-6.28576270662214,-1.47019088607061,0.8106049372356425,2.9950111155385564,-2.4592267737259816,6.76503777532721,2.3978021680577473,-5.833916541897866,-1.6698495628447696,-2.077484402121332,6.582950604967249,3.8063048337579515,-1.2884382645626238,1
-6.87790300740223,0.02952834584406827,4.900598211469233,-5.558552910708308,-0.9796373987178535,7.465790748171365,-3.1977417441651124,-0.7128560050472128,-4.761057444132518,1.495220334934876,-0.6073107975398799,5.073053768614142,-5.920548991216256,4.255016106691326,1.170144765531437,-2.9138440093273386,-0.8343613240771046,-1.154853674382334,-2.708341025515527,1.252352495181314,0
1.5055471663381816,-6.1181063580589115,-2.087306918141823,-4.831387745701524,4.169285777769863,-3.2231288220561254,1.8442918718783308,7.092041961492129,-2.5957639020379757,0.028644054927208923,-4.593956491149772,-0.9268627417708311,2.4730053018601623,0.874658823507559,2.011796016532641,-0.49076564821358315,-1.6980982175700343,7.357626306343363,0.421823778617986,-5.047025805033101,1
-4.727080863059908,0.9581884598224579,-1.5667386878053706,-6.759720738010758,8.302676567555377,-4.477704955341396,-6.617880771221934,-0.8954340469642343,-3.318228498237655,1.136285920426624,-0.03861174350245633,0.052370753117584656,-1.8472834553850046,-7.019110820606379,-1.826133966326617,-2.347297829497558,1.6940497072246532,-2.7714038805171093,1.5345896975592452,5.255591513973648,1
-5.536370215558215,-0.009561071142671906,1.6831742807646504,-0.4420124305953541,-3.2265664053909533,-7.293921994821311,-0.24174210110682978,8.456897690048681,2.059647854617487,5.584522432904788,4.506944827135078,1.3723386807811413,-2.9409386614446387,2.9994103183290566,-2.5857470564352565,1.757310935633063,3.8473330272654174,0.8608036733315095,-0.1877848536817083,2.243577850309656,0
-4.868269716636079,2.3452518474219612,3.403087983590157,2.3853458156385328,1.1826665067537163,-1.4850460421676122,6.632231535731449,-2.641137283244331,1.324523336963368,2.702408649442832,2.790166113251284,4.038758141423046,4.609552917572262,-3.3097070991180324,1.2122868989235984,5.547067283420512,-0.3907850269567496,7.237612450103848,5.830308511194931,7.666247104195987,1
-6.2316188122665555,0.3969081012945379,4.469399745500487,-3.456894811616768,-1.3108617647264684,9.68134585088318,-1.8287710551217278,3.232241678337319,-2.8873070996177495,0.8676035878608698,-6.092421892893519,-4.785873069921697,-0.1484876083820576,2.931777751752694,-4.0778366591943005,-1.3889083179254218,2.9396993809696346,0.9259547356679958,-3.293093027529667,-0.4317861768070172,0
1.1413745911252304,2.4206679766614334,-2.2650859463685906,-2.5478999856787525,-2.021529681786948,-6.623016794823423,0.5632926543030883,5.572689139014635,-2.3553325378255305,-11.355697869154433,6.538658134503375,-0.5057785176958391,-1.5478271855392425,-0.7952728011110264,1.0468655324716802,4.738745615632978,0.70077114926202,-2.5581418285985316,-0.5723570179655569,1.72927243784887,0
-6.3030473337232,0.08072350010543655,3.5454603061870085,1.7688287207511697,-1.7073584436435374,-1.439838178885808,0.7284246107218775,-0.8756057830015789,8.455474120959924,-3.387515669299179,5.004145329974515,2.332080460618725,2.004721896017498,3.233583897182088,0.6158521550551547,-0.20756949381703174,2.6177351971172707,3.846444963397823,2.4072475531856514,-4.099481066621433,1
-5.597409756646511,-3.7149192803339437,-4.701784235091344,0.004131679053140491,10.590060898894759,-1.7103986063149035,-1.7917255980391729,0.864396733133426,-3.919884214702189,4.368197032148533,2.0149661703075217,5.56858883138233,-2.5612653782261017,2.166725031451025,1.543137106659491,-3.8180090531917585,0.778660856625105,-1.4941252338065725,-3.0903455226063903,1.1782710538675845,0
2.037499503287513,-2.3987880825751495,-2.8108696900683885,1.9493139857907733,-10.121159058805713,-5.954104753478636,-4.586503008932515,3.930461162794721,2.2346335980438155,2.412192681893652,6.660821119267317,-0.8753861511148009,6.947904576540962,-0.7704823164437256,-3.5371079247813677,-0.19485353464378347,-2.6869810543384713,-0.5140311354431608,-2.3771397558698806,-1.3853513138749736,1
7.793253720284958,3.1572150164393875,0.8302797162877822,-2.077405358855084,1.7056842435429806,0.527524686038328,1.9824411681324996,1.5694501150074123,-5.055856390343625,6.0420931519808505,3.5922886124708695,-3.288629843337627,1.8348448702623137,-1.3076683405390512,-1.4858218624309458,1.6673576163425623,4.404665052121888,5.86797733890691,4.232741261254402,-4.815892633165215,1
-3.7921842840343123,10.689807184971436,-5.363042642024604,-0.8847623813878409,-0.826679137698275,-4.4730185369801205,2.2932408219872524,-3.6670106324677954,-5.065960603479127,-1.604216849133938,1.85099211806019,-3.947001187412323,2.020098932927028,-4.726209246492886,-4.669757255333598,1.6100409304770253,-2.085492750012137,0.8779333676930678,-3.0364606902395166,1.7441747500977576,0
8.393985191718489,-0.13511807735235043,-1.8649191798007996,6.910670493035937,3.5382369546883403,0.8996576742508963,1.2030726049704406,2.500579226269232,-1.5338584485648166,-0.8797872499856287,0.482357689986342,9.820115570072453,4.232016356983593,2.6595426162666143,-1.4546552961940185,-0.763946643932877,6.540257575978602,1.3968827301510467,1.7619953910975705,-2.565130035187267,1
-4.635735373844433,7.563189654445161,2.4574908780438323,-0.11315891139379941,2.1107524942747458,-4.465600317539686,5.944213160183468,-7.033475340434428,0.33651314817253164,-5.492251882815562,0.3864582476402845,-2.7778402793268597,-3.318372846676041,-0.5127207069493971,1.8272653889481405,5.830354778494062,-0.1877578893547941,0.03708113961556797,-4.05855566470569,0.10949124478631442,0
-6.7808569992683285,6.723149803277755,3.04709011018553,0.6219517206903092,-0.7569500658260597,-3.876807260817067,0.05898173828716047,6.757134313605975,-4.035756597153911,-10.187467208032892,5.4767562919640405,0.43979956435095136,-3.374545872359053,-1.1077822003182591,-2.039854248564298,-3.6346786479154405,-0.4306731752694356,0.1520073867802859,-4.032002093918459,-6.510739375961263,0
